gene	ORF	class
15S_RRNA	YNCQ0002W	NONE
21S_RRNA	YNCQ0006W	NONE
AAC1	YMR056C	INPUT
AAC3	YBR085W	INPUT
AAD10	YJR155W	NONE
AAD14	YNL331C	NONE
AAD15	YOL165C	NONE
AAD3	YCR107W	NONE
AAD4	YDL243C	NONE
AAD6	YFL056C	NONE
AAH1	YNL141W	NONE
AAN1	YKL075C	NONE
AAP1	YHR047C	NONE
AAR2	YBL074C	NONE
AAT1	YKL106W	NONE
AAT2	YLR027C	NONE
ABD1	YBR236C	NONE
ABF1	YKL112W	STRUCTURE
ABF2	YMR072W	NONE
ABM1	YJR108W	NONE
ABP1	YCR088W	NONE
ABP140	YOR239W	NONE
ABZ1	YNR033W	NONE
ABZ2	YMR289W	NONE
ACA1	YER045C	NONE
ACB1	YGR037C	NONE
ACC1	YNR016C	NONE
ACE2	YLR131C	STRUCTURE
ACF2	YLR144C	STRUCTURE
ACF4	YJR083C	NONE
ACH1	YBL015W	NONE
ACK1	YDL203C	NONE
ACL4	YDR161W	STRUCTURE
ACM1	YPL267W	STRUCTURE
ACO1	YLR304C	NONE
ACO2	YJL200C	NONE
ACP1	YKL192C	NONE
ACS1	YAL054C	NONE
ACS2	YLR153C	NONE
ACT1	YFL039C	STRUCTURE
ADA2	YDR448W	STRUCTURE
ADD37	YMR184W	NONE
ADD66	YKL206C	NONE
ADE1	YAR015W	NONE
ADE12	YNL220W	NONE
ADE13	YLR359W	NONE
ADE16	YLR028C	NONE
ADE17	YMR120C	NONE
ADE2	YOR128C	NONE
ADE3	YGR204W	NONE
ADE4	YMR300C	NONE
ADE57	YGL234W	NONE
ADE6	YGR061C	NONE
ADE8	YDR408C	NONE
ADF1	YCL058W-A	NONE
ADH1	YOL086C	NONE
ADH2	YMR303C	NONE
ADH3	YMR083W	NONE
ADH4	YGL256W	NONE
ADH5	YBR145W	NONE
ADH6	YMR318C	NONE
ADH7	YCR105W	NONE
ADI1	YMR009W	NONE
ADK1	YDR226W	NONE
ADK2	YER170W	NONE
ADO1	YJR105W	NONE
ADP1	YCR011C	INPUT
ADR1	YDR216W	STRUCTURE
ADY2	YCR010C	INPUT
ADY3	YDL239C	STRUCTURE
ADY4	YLR227C	STRUCTURE
AEP1	YMR064W	NONE
AEP2	YMR282C	NONE
AEP3	YPL005W	NONE
AFB1	YLR040C	NONE
AFG1	YEL052W	INPUT
AFG2	YLR397C	STRUCTURE
AFG3	YER017C	NONE
AFI1	YOR129C	NONE
AFR1	YDR085C	NONE
AFT1	YGL071W	STRUCTURE
AFT2	YPL202C	NONE
AGA1	YNR044W	NONE
AGA2	YGL032C	NONE
AGC1	YPR021C	INPUT
AGE1	YDR524C	NONE
AGE2	YIL044C	NONE
AGP1	YCL025C	INPUT
AGP2	YBR132C	INPUT
AGP3	YFL055W	INPUT
AGX1	YFL030W	NONE
AHA1	YDR214W	STRUCTURE
AHC1	YOR023C	NONE
AHC2	YCR082W	NONE
AHK1	YDL073W	INPUT
AHP1	YLR109W	INPUT
AHT1	YHR093W	NONE
AI1		NONE
AI2		NONE
AI3		NONE
AI4		NONE
AI5_ALPHA		NONE
AI5_BETA		NONE
AIF1	YNR074C	NONE
AIM10	YER087W	NONE
AIM11	YER093C-A	NONE
AIM14	YGL160W	INPUT
AIM17	YHL021C	STRUCTURE
AIM18	YHR198C	NONE
AIM19	YIL087C	NONE
AIM2	YAL049C	NONE
AIM20	YIL158W	NONE
AIM21	YIR003W	NONE
AIM22	YJL046W	NONE
AIM23	YJL131C	NONE
AIM24	YJR080C	NONE
AIM25	YJR100C	INPUT
AIM26	YKL037W	NONE
AIM29	YKR074W	NONE
AIM3	YBR108W	NONE
AIM32	YML050W	NONE
AIM33	YML087C	NONE
AIM34	YMR003W	NONE
AIM36	YMR157C	NONE
AIM39	YOL053W	NONE
AIM4	YBR194W	NONE
AIM41	YOR215C	NONE
AIM44	YPL158C	NONE
AIM45	YPR004C	NONE
AIM46	YHR199C	NONE
AIM6	YDL237W	NONE
AIM7	YDR063W	NONE
AIM9	YER080W	NONE
AIP1	YMR092C	NONE
AIP5	YFR016C	NONE
AIR1	YIL079C	NONE
AIR2	YDL175C	NONE
AIT1	YDL180W	NONE
AKL1	YBR059C	NONE
AKR1	YDR264C	NONE
AKR2	YOR034C	NONE
ALA1	YOR335C	NONE
ALB1	YJL122W	STRUCTURE
ALD2	YMR170C	NONE
ALD3	YMR169C	NONE
ALD4	YOR374W	NONE
ALD5	YER073W	NONE
ALD6	YPL061W	NONE
ALE1	YOR175C	NONE
ALE2	YPR114W	NONE
ALF1	YNL148C	STRUCTURE
ALG1	YBR110W	NONE
ALG11	YNL048W	NONE
ALG12	YNR030W	NONE
ALG13	YGL047W	NONE
ALG14	YBR070C	NONE
ALG2	YGL065C	NONE
ALG3	YBL082C	NONE
ALG5	YPL227C	NONE
ALG6	YOR002W	NONE
ALG7	YBR243C	NONE
ALG8	YOR067C	NONE
ALG9	YNL219C	NONE
ALK1	YGL021W	STRUCTURE
ALK2	YBL009W	STRUCTURE
ALO1	YML086C	INPUT
ALP1	YNL270C	INPUT
ALR1	YOL130W	INPUT
ALR2	YFL050C	INPUT
ALT1	YLR089C	NONE
ALT2	YDR111C	NONE
ALY1	YKR021W	NONE
ALY2	YJL084C	NONE
AMA1	YGR225W	STRUCTURE
AMD1	YML035C	NONE
AMD2	YDR242W	NONE
AME1	YBR211C	STRUCTURE
AMF1	YOR378W	INPUT
AMN1	YBR158W	STRUCTURE
AMS1	YGL156W	NONE
ANB1	YJR047C	NONE
ANK1	YGL242C	NONE
ANP1	YEL036C	NONE
ANR2	YKL047W	NONE
ANS1	YHR126C	NONE
ANT1	YPR128C	INPUT
ANY1	YMR010W	NONE
AOS1	YPR180W	NONE
APA1	YCL050C	NONE
APA2	YDR530C	NONE
APC1	YNL172W	STRUCTURE
APC11	YDL008W	STRUCTURE
APC2	YLR127C	STRUCTURE
APC4	YDR118W	STRUCTURE
APC5	YOR249C	STRUCTURE
APC9	YLR102C	STRUCTURE
APD1	YBR151W	NONE
APE1	YKL103C	NONE
APE2	YKL157W	NONE
APE3	YBR286W	NONE
APE4	YHR113W	NONE
API2	YDR525W	NONE
APJ1	YNL077W	STRUCTURE
APL1	YJR005W	NONE
APL2	YKL135C	NONE
APL3	YBL037W	NONE
APL4	YPR029C	NONE
APL5	YPL195W	NONE
APL6	YGR261C	NONE
APM1	YPL259C	NONE
APM2	YHL019C	NONE
APM3	YBR288C	NONE
APM4	YOL062C	NONE
APN1	YKL114C	STRUCTURE
APN2	YBL019W	STRUCTURE
APP1	YNL094W	NONE
APQ12	YIL040W	NONE
APQ13	YJL075C	NONE
APS1	YLR170C	NONE
APS2	YJR058C	NONE
APS3	YJL024C	NONE
APT1	YML022W	NONE
APT2	YDR441C	NONE
AQR1	YNL065W	INPUT
AQY1	YPR192W	INPUT
AQY2	YLL052C	INPUT
AQY3	YFL054C	INPUT
ARA1	YBR149W	NONE
ARA2	YMR041C	NONE
ARB1	YER036C	STRUCTURE
ARC1	YGL105W	NONE
ARC15	YIL062C	NONE
ARC18	YLR370C	NONE
ARC19	YKL013C	NONE
ARC35	YNR035C	NONE
ARC40	YBR234C	NONE
ARD1	YHR013C	NONE
ARE1	YCR048W	NONE
ARE2	YNR019W	NONE
ARF1	YDL192W	NONE
ARF2	YDL137W	NONE
ARF3	YOR094W	NONE
ARG1	YOL058W	NONE
ARG2	YJL071W	NONE
ARG3	YJL088W	NONE
ARG4	YHR018C	NONE
ARG56	YER069W	NONE
ARG7	YMR062C	NONE
ARG8	YOL140W	NONE
ARG80	YMR042W	NONE
ARG81	YML099C	NONE
ARG82	YDR173C	NONE
ARH1	YDR376W	NONE
ARI1	YGL157W	NONE
ARK1	YNL020C	NONE
ARL1	YBR164C	NONE
ARL3	YPL051W	NONE
ARN1	YHL040C	INPUT
ARN2	YHL047C	INPUT
ARO1	YDR127W	NONE
ARO10	YDR380W	NONE
ARO2	YGL148W	NONE
ARO3	YDR035W	NONE
ARO4	YBR249C	NONE
ARO5	YGL117W	NONE
ARO7	YPR060C	NONE
ARO8	YGL202W	NONE
ARO80	YDR421W	NONE
ARO9	YHR137W	NONE
ARP1	YHR129C	NONE
ARP10	YDR106W	STRUCTURE
ARP2	YDL029W	NONE
ARP3	YJR065C	NONE
ARP4	YJL081C	STRUCTURE
ARP5	YNL059C	NONE
ARP6	YLR085C	STRUCTURE
ARP7	YPR034W	STRUCTURE
ARP8	YOR141C	NONE
ARP9	YMR033W	STRUCTURE
ARR1	YPR199C	NONE
ARR2	YPR200C	NONE
ARR3	YPR201W	INPUT
ART10	YLR392C	NONE
ART5	YGR068C	NONE
ARV1	YLR242C	NONE
ARX1	YDR101C	NONE
ASA1	YPR085C	STRUCTURE
ASC1	YMR116C	INPUT
ASE1	YOR058C	NONE
ASF1	YJL115W	STRUCTURE
ASF2	YDL197C	NONE
ASG1	YIL130W	NONE
ASG7	YJL170C	NONE
ASH1	YKL185W	STRUCTURE
ASI1	YMR119W	STRUCTURE
ASI2	YNL159C	STRUCTURE
ASI3	YNL008C	STRUCTURE
ASK1	YKL052C	STRUCTURE
ASK10	YGR097W	INPUT
ASM4	YDL088C	STRUCTURE
ASN1	YPR145W	NONE
ASN2	YGR124W	NONE
ASP1	YDR321W	NONE
ASP3-1	YLR155C	NONE
ASP3-2	YLR157C	NONE
ASP3-3	YLR158C	NONE
ASP3-4	YLR160C	NONE
ASR1	YPR093C	NONE
AST1	YBL069W	NONE
AST2	YER101C	NONE
ATC1	YDR184C	NONE
ATE1	YGL017W	NONE
ATF1	YOR377W	NONE
ATF2	YGR177C	NONE
ATG1	YGL180W	NONE
ATG10	YLL042C	NONE
ATG11	YPR049C	STRUCTURE
ATG12	YBR217W	NONE
ATG13	YPR185W	NONE
ATG14	YBR128C	NONE
ATG15	YCR068W	NONE
ATG16	YMR159C	NONE
ATG17	YLR423C	NONE
ATG18	YFR021W	NONE
ATG19	YOL082W	NONE
ATG2	YNL242W	NONE
ATG20	YDL113C	NONE
ATG21	YPL100W	NONE
ATG22	YCL038C	INPUT
ATG23	YLR431C	NONE
ATG26	YLR189C	NONE
ATG27	YJL178C	NONE
ATG29	YPL166W	NONE
ATG3	YNR007C	NONE
ATG31	YDR022C	STRUCTURE
ATG32	YIL146C	NONE
ATG33	YLR356W	NONE
ATG34	YOL083W	NONE
ATG36	YJL185C	NONE
ATG38	YLR211C	NONE
ATG39	YLR312C	NONE
ATG4	YNL223W	NONE
ATG40	YOR152C	NONE
ATG41	YPL250C	NONE
ATG42	YBR139W	NONE
ATG44	YIL156W-B	NONE
ATG45	YIL024C	NONE
ATG5	YPL149W	NONE
ATG7	YHR171W	NONE
ATG8	YBL078C	NONE
ATG9	YDL149W	NONE
ATH1	YPR026W	NONE
ATM1	YMR301C	INPUT
ATO2	YNR002C	INPUT
ATO3	YDR384C	INPUT
ATP1	YBL099W	INPUT
ATP10	YLR393W	NONE
ATP11	YNL315C	STRUCTURE
ATP12	YJL180C	NONE
ATP14	YLR295C	INPUT
ATP15	YPL271W	INPUT
ATP16	YDL004W	INPUT
ATP17	YDR377W	INPUT
ATP18	YML081C-A	INPUT
ATP19	YOL077W-A	INPUT
ATP2	YJR121W	INPUT
ATP20	YPR020W	INPUT
ATP22	YDR350C	NONE
ATP23	YNR020C	NONE
ATP25	YMR098C	NONE
ATP3	YBR039W	INPUT
ATP4	YPL078C	INPUT
ATP5	YDR298C	INPUT
ATP6		INPUT
ATP7	YKL016C	INPUT
ATP8		INPUT
ATR1	YML116W	INPUT
ATR2	YMR279C	INPUT
ATS1	YAL020C	NONE
ATX1	YNL259C	INPUT
ATX2	YOR079C	INPUT
AUA1	YFL010W-A	INPUT
AUR1	YKL004W	NONE
AUS1	YOR011W	INPUT
AVL9	YLR114C	NONE
AVO1	YOL078W	NONE
AVO2	YMR068W	NONE
AVT1	YJR001W	INPUT
AVT2	YEL064C	INPUT
AVT3	YKL146W	INPUT
AVT4	YNL101W	INPUT
AVT5	YBL089W	INPUT
AVT6	YER119C	INPUT
AVT7	YIL088C	INPUT
AWA1		NONE
AXL1	YPR122W	NONE
AXL2	YIL140W	NONE
AYR1	YIL124W	NONE
AYT1	YLL063C	NONE
AZF1	YOR113W	NONE
AZR1	YGR224W	INPUT
BAG7	YOR134W	INPUT
BAP2	YBR068C	INPUT
BAP3	YDR046C	INPUT
BAR1	YIL015W	NONE
BAS1	YKR099W	NONE
BAT1	YHR208W	NONE
BAT2	YJR148W	NONE
BBC1	YJL020C	NONE
BBP1	YPL255W	NONE
BCD1	YHR040W	STRUCTURE
BCH1	YMR237W	NONE
BCH2	YKR027W	NONE
BCK1	YJL095W	INPUT
BCK2	YER167W	STRUCTURE
BCP1	YDR361C	STRUCTURE
BCS1	YDR375C	INPUT
BCY1	YIL033C	NONE
BDF1	YLR399C	STRUCTURE
BDF2	YDL070W	STRUCTURE
BDH1	YAL060W	NONE
BDH2	YAL061W	NONE
BDP1	YNL039W	NONE
BDS1	YOL164W	NONE
BEM1	YBR200W	NONE
BEM2	YER155C	INPUT
BEM3	YPL115C	INPUT
BEM4	YPL161C	NONE
BER1	YLR412W	NONE
BET1	YIL004C	NONE
BET2	YPR176C	NONE
BET3	YKR068C	NONE
BET4	YJL031C	NONE
BET5	YML077W	NONE
BFA1	YJR053W	STRUCTURE
BFR1	YOR198C	NONE
BFR2	YDR299W	NONE
BGL2	YGR282C	STRUCTURE
BI2		NONE
BI3		NONE
BI4		NONE
BIG1	YHR101C	STRUCTURE
BIK1	YCL029C	STRUCTURE
BIL1	YOR304C-A	NONE
BIL2	YGL015C	NONE
BIM1	YER016W	STRUCTURE
BIO1	YAR070W-A	NONE
BIO2	YGR286C	NONE
BIO3	YNR058W	NONE
BIO4	YNR057C	NONE
BIO5	YNR056C	INPUT
BIO6	YAR069W-A	NONE
BIO7	YHR214W-G	NONE
BIO8	YHR214W-F	NONE
BIR1	YJR089W	STRUCTURE
BIT2	YBR270C	NONE
BIT61	YJL058C	NONE
BLI1	YKL061W	NONE
BLM10	YFL007W	STRUCTURE
BLS1	YLR408C	NONE
BMH1	YER177W	BOTH
BMH2	YDR099W	BOTH
BMS1	YPL217C	STRUCTURE
BMT2	YBR141C	STRUCTURE
BMT5	YIL096C	NONE
BMT6	YLR063W	NONE
BNA1	YJR025C	NONE
BNA2	YJR078W	NONE
BNA3	YJL060W	NONE
BNA4	YBL098W	NONE
BNA5	YLR231C	NONE
BNA6	YFR047C	NONE
BNA7	YDR428C	NONE
BNI1	YNL271C	INPUT
BNI4	YNL233W	NONE
BNI5	YNL166C	NONE
BNR1	YIL159W	INPUT
BNS1	YGR230W	NONE
BOI1	YBL085W	STRUCTURE
BOI2	YER114C	STRUCTURE
BOL1	YAL044W-A	NONE
BOL2	YGL220W	NONE
BOL3	YAL046C	NONE
BOP2	YLR267W	NONE
BOP3	YNL042W	NONE
BOR1	YNL275W	INPUT
BOS1	YLR078C	NONE
BPH1	YCR032W	NONE
BPL1	YDL141W	NONE
BPT1	YLL015W	INPUT
BRE1	YDL074C	STRUCTURE
BRE2	YLR015W	NONE
BRE4	YDL231C	NONE
BRE5	YNR051C	NONE
BRF1	YGR246C	NONE
BRL1	YHR036W	NONE
BRN1	YBL097W	STRUCTURE
BRO1	YPL084W	NONE
BRP1	YGL007W	NONE
BRR1	YPR057W	NONE
BRR2	YER172C	NONE
BRR6	YGL247W	NONE
BRX1	YOL077C	STRUCTURE
BSC1	YDL037C	NONE
BSC4	YNL269W	NONE
BSC5	YNR069C	NONE
BSC6	YOL137W	INPUT
BSD2	YBR290W	NONE
BSP1	YPR171W	NONE
BST1	YFL025C	NONE
BTN2	YGR142W	BOTH
BTS1	YPL069C	NONE
BTT1	YDR252W	NONE
BUB1	YGR188C	NONE
BUB2	YMR055C	STRUCTURE
BUB3	YOR026W	NONE
BUD13	YGL174W	NONE
BUD14	YAR014C	STRUCTURE
BUD16	YEL029C	NONE
BUD17	YNR027W	NONE
BUD2	YKL092C	INPUT
BUD20	YLR074C	STRUCTURE
BUD21	YOR078W	STRUCTURE
BUD22	YMR014W	STRUCTURE
BUD23	YCR047C	NONE
BUD25	YER014C-A	NONE
BUD27	YFL023W	STRUCTURE
BUD3	YCL014W	NONE
BUD31	YCR063W	NONE
BUD32	YGR262C	NONE
BUD4	YJR092W	STRUCTURE
BUD5	YCR038C	INPUT
BUD6	YLR319C	INPUT
BUD7	YOR299W	NONE
BUD8	YLR353W	NONE
BUD9	YGR041W	NONE
BUG1	YDL099W	NONE
BUL1	YMR275C	NONE
BUL2	YML111W	NONE
BUR2	YLR226W	NONE
BUR6	YER159C	NONE
BXI1	YNL305C	NONE
BYE1	YKL005C	STRUCTURE
BZZ1	YHR114W	NONE
CAB1	YDR531W	NONE
CAB2	YIL083C	NONE
CAB3	YKL088W	NONE
CAB4	YGR277C	NONE
CAB5	YDR196C	NONE
CAC2	YML102W	STRUCTURE
CAD1	YDR423C	NONE
CAF120	YNL278W	INPUT
CAF130	YGR134W	NONE
CAF16	YFL028C	NONE
CAF20	YOR276W	NONE
CAF4	YKR036C	NONE
CAF40	YNL288W	NONE
CAJ1	YER048C	STRUCTURE
CAK1	YFL029C	STRUCTURE
CAL4	YJR011C	NONE
CAM1	YPL048W	NONE
CAN1	YEL063C	INPUT
CAP1	YKL007W	NONE
CAP2	YIL034C	NONE
CAR1	YPL111W	NONE
CAR2	YLR438W	NONE
CAT2	YML042W	NONE
CAT5	YOR125C	NONE
CAT8	YMR280C	NONE
CAX4	YGR036C	NONE
CBC2	YPL178W	NONE
CBF1	YJR060W	STRUCTURE
CBF2	YGR140W	STRUCTURE
CBF5	YLR175W	STRUCTURE
CBK1	YNL161W	NONE
CBP1	YJL209W	NONE
CBP2	YHL038C	NONE
CBP3	YPL215W	NONE
CBP4	YGR174C	NONE
CBP6	YBR120C	NONE
CBR1	YIL043C	NONE
CBS1	YDL069C	NONE
CBS2	YDR197W	NONE
CBT1	YKL208W	STRUCTURE
CCA1	YER168C	NONE
CCC1	YLR220W	INPUT
CCC2	YDR270W	INPUT
CCE1	YKL011C	STRUCTURE
CCH1	YGR217W	INPUT
CCL1	YPR025C	NONE
CCM1	YGR150C	STRUCTURE
CCP1	YKR066C	INPUT
CCR4	YAL021C	STRUCTURE
CCS1	YMR038C	NONE
CCT2	YIL142W	STRUCTURE
CCT3	YJL014W	STRUCTURE
CCT4	YDL143W	STRUCTURE
CCT5	YJR064W	STRUCTURE
CCT6	YDR188W	STRUCTURE
CCT7	YJL111W	STRUCTURE
CCT8	YJL008C	STRUCTURE
CCW12	YLR110C	STRUCTURE
CCW14	YLR390W-A	NONE
CCW22	YDR134C	NONE
CCZ1	YBR131W	NONE
CDA1	YLR307W	STRUCTURE
CDA2	YLR308W	STRUCTURE
CDC1	YDR182W	STRUCTURE
CDC10	YCR002C	STRUCTURE
CDC11	YJR076C	STRUCTURE
CDC12	YHR107C	STRUCTURE
CDC123	YLR215C	STRUCTURE
CDC13	YDL220C	STRUCTURE
CDC14	YFR028C	BOTH
CDC15	YAR019C	BOTH
CDC16	YKL022C	STRUCTURE
CDC19	YAL038W	NONE
CDC20	YGL116W	STRUCTURE
CDC21	YOR074C	NONE
CDC23	YHR166C	STRUCTURE
CDC24	YAL041W	NONE
CDC25	YLR310C	BOTH
CDC26	YFR036W	STRUCTURE
CDC27	YBL084C	STRUCTURE
CDC28	YBR160W	BOTH
CDC3	YLR314C	STRUCTURE
CDC31	YOR257W	STRUCTURE
CDC33	YOL139C	STRUCTURE
CDC34	YDR054C	STRUCTURE
CDC36	YDL165W	STRUCTURE
CDC37	YDR168W	BOTH
CDC39	YCR093W	STRUCTURE
CDC4	YFL009W	STRUCTURE
CDC40	YDR364C	NONE
CDC42	YLR229C	BOTH
CDC43	YGL155W	NONE
CDC45	YLR103C	STRUCTURE
CDC48	YDL126C	STRUCTURE
CDC5	YMR001C	STRUCTURE
CDC50	YCR094W	NONE
CDC53	YDL132W	STRUCTURE
CDC55	YGL190C	NONE
CDC6	YJL194W	STRUCTURE
CDC60	YPL160W	NONE
CDC65	YNCM0036C	NONE
CDC7	YDL017W	BOTH
CDC73	YLR418C	NONE
CDC8	YJR057W	NONE
CDC9	YDL164C	STRUCTURE
CDD1	YLR245C	NONE
CDH1	YGL003C	STRUCTURE
CDS1	YBR029C	NONE
CEF1	YMR213W	NONE
CEG1	YGL130W	NONE
CEM1	YER061C	NONE
CEP3	YMR168C	NONE
CET1	YPL228W	NONE
CEX1	YOR112W	NONE
CFD1	YIL003W	NONE
CFF1	YML079W	NONE
CFT1	YDR301W	NONE
CFT2	YLR115W	NONE
CGI121	YML036W	NONE
CGR1	YGL029W	STRUCTURE
CHA1	YCL064C	NONE
CHA4	YLR098C	NONE
CHC1	YGL206C	NONE
CHD1	YER164W	STRUCTURE
CHK1	YBR274W	NONE
CHL1	YPL008W	NONE
CHL4	YDR254W	STRUCTURE
CHM7	YJL049W	NONE
CHO1	YER026C	NONE
CHO2	YGR157W	NONE
CHP1	YPL225W	NONE
CHS1	YNL192W	STRUCTURE
CHS2	YBR038W	STRUCTURE
CHS3	YBR023C	STRUCTURE
CHS5	YLR330W	NONE
CHS6	YJL099W	NONE
CHS7	YHR142W	STRUCTURE
CHZ1	YER030W	NONE
CIA1	YDR267C	NONE
CIA2	YHR122W	STRUCTURE
CIC1	YHR052W	STRUCTURE
CIK1	YMR198W	NONE
CIM1	YOR114W	NONE
CIN1	YOR349W	STRUCTURE
CIN10	YDR387C	INPUT
CIN2	YPL241C	STRUCTURE
CIN4	YMR138W	STRUCTURE
CIN5	YOR028C	NONE
CIN8	YEL061C	STRUCTURE
CIP1	YPL014W	STRUCTURE
CIR1	YGR207C	NONE
CIR2	YOR356W	NONE
CIS1	YLR346C	NONE
CIS3	YJL158C	STRUCTURE
CIT1	YNR001C	NONE
CIT2	YCR005C	NONE
CIT3	YPR001W	NONE
CKA1	YIL035C	STRUCTURE
CKA2	YOR061W	STRUCTURE
CKB1	YGL019W	STRUCTURE
CKB2	YOR039W	STRUCTURE
CKI1	YLR133W	NONE
CKS1	YBR135W	STRUCTURE
CLA4	YNL298W	STRUCTURE
CLB1	YGR108W	STRUCTURE
CLB2	YPR119W	STRUCTURE
CLB3	YDL155W	STRUCTURE
CLB4	YLR210W	STRUCTURE
CLB5	YPR120C	STRUCTURE
CLB6	YGR109C	STRUCTURE
CLC1	YGR167W	NONE
CLD1	YGR110W	NONE
CLF1	YLR117C	NONE
CLG1	YGL215W	NONE
CLN1	YMR199W	STRUCTURE
CLN2	YPL256C	STRUCTURE
CLN3	YAL040C	STRUCTURE
CLP1	YOR250C	NONE
CLU1	YMR012W	STRUCTURE
CMC1	YKL137W	NONE
CMC2	YBL059C-A	NONE
CMC4	YMR194C-B	NONE
CMD1	YBR109C	INPUT
CMG1	YLR271W	NONE
CMI7	YIL002W-A	NONE
CMI8	YDR461C-A	NONE
CMK1	YFR014C	INPUT
CMK2	YOL016C	INPUT
CMP2	YML057W	NONE
CMR1	YDL156W	NONE
CMR2	YOR093C	INPUT
CMR3	YPR013C	NONE
CMS1	YLR003C	NONE
CNA1	YLR433C	NONE
CNB1	YKL190W	NONE
CNE1	YAL058W	STRUCTURE
CNL1	YDR357C	NONE
CNM1	YBR063C	NONE
CNM67	YNL225C	STRUCTURE
CNN1	YFR046C	STRUCTURE
CNS1	YBR155W	STRUCTURE
COA1	YIL157C	NONE
COA2	YPL189C-A	NONE
COA3	YJL062W-A	NONE
COA4	YLR218C	NONE
COA6	YMR244C-A	NONE
COB		NONE
COF1	YLL050C	NONE
COG1	YGL223C	NONE
COG2	YGR120C	NONE
COG3	YER157W	NONE
COG4	YPR105C	NONE
COG5	YNL051W	NONE
COG6	YNL041C	NONE
COG7	YGL005C	NONE
COG8	YML071C	NONE
COI1	YDR381C-A	NONE
COM2	YER130C	NONE
COP1	YDL145C	NONE
COQ1	YBR003W	NONE
COQ10	YOL008W	NONE
COQ11	YLR290C	NONE
COQ2	YNR041C	NONE
COQ21	YBR230W-A	NONE
COQ3	YOL096C	NONE
COQ4	YDR204W	NONE
COQ5	YML110C	NONE
COQ6	YGR255C	NONE
COQ8	YGL119W	NONE
COQ9	YLR201C	NONE
COR1	YBL045C	NONE
COS1	YNL336W	NONE
COS10	YNR075W	NONE
COS111	YBR203W	INPUT
COS12	YGL263W	NONE
COS2	YBR302C	NONE
COS3	YML132W	NONE
COS4	YFL062W	NONE
COS5	YJR161C	NONE
COS6	YGR295C	NONE
COS7	YDL248W	NONE
COS8	YHL048W	NONE
COS9	YKL219W	NONE
COT1	YOR316C	INPUT
COX1		NONE
COX10	YPL172C	NONE
COX11	YPL132W	NONE
COX12	YLR038C	NONE
COX13	YGL191W	NONE
COX14	YML129C	NONE
COX15	YER141W	NONE
COX16	YJL003W	NONE
COX17	YLL009C	NONE
COX18	YGR062C	NONE
COX19	YLL018C-A	STRUCTURE
COX2		NONE
COX20	YDR231C	NONE
COX23	YHR116W	NONE
COX26	YDR119W-A	NONE
COX3		NONE
COX4	YGL187C	NONE
COX5A	YNL052W	NONE
COX5B	YIL111W	NONE
COX6	YHR051W	NONE
COX7	YMR256C	NONE
COX8	YLR395C	NONE
COX9	YDL067C	NONE
COY1	YKL179C	NONE
CPA1	YOR303W	NONE
CPA2	YJR109C	NONE
CPD1	YGR247W	NONE
CPP1	YBR016W	NONE
CPP2	YDR210W	NONE
CPP3	YDR034W-B	NONE
CPR1	YDR155C	STRUCTURE
CPR2	YHR057C	STRUCTURE
CPR3	YML078W	STRUCTURE
CPR4	YCR069W	STRUCTURE
CPR5	YDR304C	STRUCTURE
CPR6	YLR216C	STRUCTURE
CPR7	YJR032W	STRUCTURE
CPR8	YNR028W	STRUCTURE
CPS1	YJL172W	NONE
CPT1	YNL130C	NONE
CPX-1015		NONE
CPX-1016		NONE
CPX-1018		NONE
CPX-1021		NONE
CPX-1022		NONE
CPX-1026		NONE
CPX-1028		NONE
CPX-1036		NONE
CPX-1037		NONE
CPX-1038		NONE
CPX-1039		NONE
CPX-1040		NONE
CPX-1041		NONE
CPX-1042		NONE
CPX-1043		NONE
CPX-1044		NONE
CPX-1045		NONE
CPX-1047		NONE
CPX-1052		NONE
CPX-1053		NONE
CPX-1068		NONE
CPX-1071		NONE
CPX-1091		NONE
CPX-1101		NONE
CPX-1102		NONE
CPX-1103		NONE
CPX-112		NONE
CPX-1125		NONE
CPX-1140		NONE
CPX-1141		NONE
CPX-1142		NONE
CPX-1143		NONE
CPX-1149		NONE
CPX-1150		NONE
CPX-1151		NONE
CPX-1152		NONE
CPX-1153		NONE
CPX-1155		NONE
CPX-1156		NONE
CPX-1157		NONE
CPX-1162		NONE
CPX-1165		NONE
CPX-1166		NONE
CPX-1167		NONE
CPX-1178		NONE
CPX-1179		NONE
CPX-1185		NONE
CPX-1186		NONE
CPX-1187		NONE
CPX-1188		NONE
CPX-1189		NONE
CPX-1190		NONE
CPX-1191		NONE
CPX-1192		NONE
CPX-1193		NONE
CPX-1197		NONE
CPX-1198		NONE
CPX-1200		NONE
CPX-1229		NONE
CPX-1230		NONE
CPX-1231		NONE
CPX-124		NONE
CPX-1249		NONE
CPX-1260		NONE
CPX-1266		NONE
CPX-1267		NONE
CPX-1268		NONE
CPX-1269		NONE
CPX-1270		NONE
CPX-1274		NONE
CPX-1275		NONE
CPX-1276		NONE
CPX-1277		NONE
CPX-1278		NONE
CPX-1279		NONE
CPX-1280		NONE
CPX-1283		NONE
CPX-1287		NONE
CPX-1288		NONE
CPX-1292		NONE
CPX-1293		NONE
CPX-1294		NONE
CPX-1295		NONE
CPX-1302		NONE
CPX-1303		NONE
CPX-1304		NONE
CPX-1306		NONE
CPX-1307		NONE
CPX-1314		NONE
CPX-1315		NONE
CPX-1316		NONE
CPX-1317		NONE
CPX-1318		NONE
CPX-1319		NONE
CPX-1320		NONE
CPX-1322		NONE
CPX-1323		STRUCTURE
CPX-1331		NONE
CPX-1332		NONE
CPX-1333		NONE
CPX-1335		NONE
CPX-1340		NONE
CPX-1341		NONE
CPX-1342		NONE
CPX-1344		NONE
CPX-1355		NONE
CPX-1362		NONE
CPX-1363		NONE
CPX-1364		NONE
CPX-1365		NONE
CPX-1369		NONE
CPX-1370		NONE
CPX-1371		NONE
CPX-1372		NONE
CPX-1377		NONE
CPX-1378		NONE
CPX-1379		NONE
CPX-1380		INPUT
CPX-1381		NONE
CPX-1382		INPUT
CPX-1383		NONE
CPX-1384		NONE
CPX-1386		NONE
CPX-1387		NONE
CPX-140		NONE
CPX-1407		NONE
CPX-1408		NONE
CPX-1409		NONE
CPX-1410		NONE
CPX-1412		NONE
CPX-1413		NONE
CPX-1414		NONE
CPX-1415		NONE
CPX-1417		NONE
CPX-1418		NONE
CPX-1419		NONE
CPX-1420		NONE
CPX-1421		STRUCTURE
CPX-1422		NONE
CPX-1423		NONE
CPX-1424		NONE
CPX-1425		NONE
CPX-1426		NONE
CPX-1470		NONE
CPX-15		NONE
CPX-1500		NONE
CPX-1501		NONE
CPX-154		NONE
CPX-1556		NONE
CPX-1599		NONE
CPX-1601		NONE
CPX-1602		NONE
CPX-1603		NONE
CPX-1604		NONE
CPX-1606		STRUCTURE
CPX-161		NONE
CPX-1610		STRUCTURE
CPX-1611		STRUCTURE
CPX-1612		STRUCTURE
CPX-1613		STRUCTURE
CPX-1614		STRUCTURE
CPX-1616		NONE
CPX-162		NONE
CPX-1622		NONE
CPX-1623		NONE
CPX-1624		NONE
CPX-1625		NONE
CPX-1626		NONE
CPX-1627		NONE
CPX-1628		NONE
CPX-1629		NONE
CPX-1630		NONE
CPX-1631		NONE
CPX-1632		NONE
CPX-1633		NONE
CPX-1634		NONE
CPX-1635		NONE
CPX-1636	YPT1/SEC4 proteins geranylgeranyltransferase complex	NONE
CPX-1637		NONE
CPX-1638		NONE
CPX-1639		NONE
CPX-1640		NONE
CPX-1641		STRUCTURE
CPX-1642		NONE
CPX-1643		NONE
CPX-1644		NONE
CPX-1645		NONE
CPX-1646		NONE
CPX-1647		NONE
CPX-1648		NONE
CPX-1649		NONE
CPX-1651		NONE
CPX-1652		NONE
CPX-1653		NONE
CPX-1654		NONE
CPX-1655		NONE
CPX-1656		NONE
CPX-1657		INPUT
CPX-1658		NONE
CPX-1659		NONE
CPX-166		NONE
CPX-1660		NONE
CPX-1661		NONE
CPX-1662		NONE
CPX-1663		NONE
CPX-1664		NONE
CPX-1665		NONE
CPX-1666		NONE
CPX-1667		NONE
CPX-1668		NONE
CPX-1669		NONE
CPX-1670		NONE
CPX-1671		STRUCTURE
CPX-1672		NONE
CPX-1673		STRUCTURE
CPX-1674		NONE
CPX-1675		NONE
CPX-1676		NONE
CPX-1677		NONE
CPX-1678		NONE
CPX-1679		NONE
CPX-1680		NONE
CPX-1681		NONE
CPX-1682		NONE
CPX-1683		NONE
CPX-1684		INPUT
CPX-1685		INPUT
CPX-1686		NONE
CPX-1687		NONE
CPX-1688		INPUT
CPX-1689		NONE
CPX-1690		NONE
CPX-1691		NONE
CPX-1692		NONE
CPX-1693		STRUCTURE
CPX-1694		NONE
CPX-1695		STRUCTURE
CPX-1696		NONE
CPX-1697		STRUCTURE
CPX-1698		NONE
CPX-1699		NONE
CPX-1700		NONE
CPX-1701		STRUCTURE
CPX-1702		NONE
CPX-1703		STRUCTURE
CPX-1704		NONE
CPX-1705		NONE
CPX-1706		NONE
CPX-1707		NONE
CPX-1708		NONE
CPX-1709		NONE
CPX-1710		NONE
CPX-1711		NONE
CPX-1712		NONE
CPX-1715		BOTH
CPX-1716		BOTH
CPX-1717		INPUT
CPX-1718		NONE
CPX-1719		NONE
CPX-1720		NONE
CPX-1721		NONE
CPX-1722		NONE
CPX-1726		NONE
CPX-1730		NONE
CPX-1731		NONE
CPX-1732	YKU70/80 complex	NONE
CPX-1733		STRUCTURE
CPX-1734		STRUCTURE
CPX-1735		NONE
CPX-1738		NONE
CPX-1739		NONE
CPX-1740		NONE
CPX-1741		NONE
CPX-1742		NONE
CPX-1743		STRUCTURE
CPX-1744		NONE
CPX-1786		NONE
CPX-1787		NONE
CPX-1792		NONE
CPX-1793		NONE
CPX-1800		NONE
CPX-1805		NONE
CPX-1806		NONE
CPX-1807		NONE
CPX-1808		NONE
CPX-1809		NONE
CPX-1810		NONE
CPX-1811		NONE
CPX-1812		STRUCTURE
CPX-1813		NONE
CPX-1814		NONE
CPX-1830		NONE
CPX-1831		NONE
CPX-1832		NONE
CPX-1833		NONE
CPX-1834		NONE
CPX-1835		NONE
CPX-1836		NONE
CPX-1837		NONE
CPX-1838		NONE
CPX-1839		NONE
CPX-1840		NONE
CPX-1846		NONE
CPX-1848		NONE
CPX-1849		NONE
CPX-1850		NONE
CPX-1851		NONE
CPX-1852		NONE
CPX-1853		INPUT
CPX-1854		NONE
CPX-1855		NONE
CPX-1856		NONE
CPX-1857		NONE
CPX-1858		NONE
CPX-1859		NONE
CPX-1861		NONE
CPX-1862		STRUCTURE
CPX-1863		INPUT
CPX-1864		STRUCTURE
CPX-1865		STRUCTURE
CPX-1866		STRUCTURE
CPX-1867		NONE
CPX-1868		NONE
CPX-1869		NONE
CPX-1872		NONE
CPX-1873		NONE
CPX-1881		NONE
CPX-1882		NONE
CPX-1883		NONE
CPX-1884		NONE
CPX-1885		NONE
CPX-1886		NONE
CPX-1887		NONE
CPX-1888		NONE
CPX-1889		NONE
CPX-1890		NONE
CPX-1891		NONE
CPX-1892		NONE
CPX-1893		NONE
CPX-1894		NONE
CPX-1895		NONE
CPX-1896		NONE
CPX-1898		NONE
CPX-1899		NONE
CPX-1900		NONE
CPX-1901		NONE
CPX-1903		NONE
CPX-1904		NONE
CPX-1905		NONE
CPX-1906		NONE
CPX-1939		NONE
CPX-1940		NONE
CPX-1947		NONE
CPX-2091		NONE
CPX-21		STRUCTURE
CPX-2101		NONE
CPX-2110		STRUCTURE
CPX-2112		NONE
CPX-2122		NONE
CPX-2143		NONE
CPX-2146		NONE
CPX-2147		NONE
CPX-2148		NONE
CPX-2156		STRUCTURE
CPX-2225		NONE
CPX-2262		STRUCTURE
CPX-2267		NONE
CPX-2268		NONE
CPX-2281		NONE
CPX-23		NONE
CPX-231		NONE
CPX-232		NONE
CPX-2321		NONE
CPX-2371		NONE
CPX-24		NONE
CPX-242		NONE
CPX-25		NONE
CPX-2523		NONE
CPX-2533		STRUCTURE
CPX-2541		NONE
CPX-2566		STRUCTURE
CPX-2581		NONE
CPX-26		NONE
CPX-26486		NONE
CPX-2660		NONE
CPX-2662		NONE
CPX-2678		NONE
CPX-2680		NONE
CPX-2723		NONE
CPX-2800		NONE
CPX-2841		INPUT
CPX-2854		NONE
CPX-2894		NONE
CPX-2895		NONE
CPX-2896		NONE
CPX-29		NONE
CPX-2902		NONE
CPX-2910		NONE
CPX-2911		STRUCTURE
CPX-2918		NONE
CPX-2921		NONE
CPX-2923		NONE
CPX-2935		NONE
CPX-2937		NONE
CPX-2944		NONE
CPX-2946		STRUCTURE
CPX-2948		STRUCTURE
CPX-2950		NONE
CPX-297		STRUCTURE
CPX-30		NONE
CPX-301		STRUCTURE
CPX-302		NONE
CPX-3028		NONE
CPX-303		NONE
CPX-3034		NONE
CPX-3036		STRUCTURE
CPX-3037		STRUCTURE
CPX-3038		STRUCTURE
CPX-3039		STRUCTURE
CPX-3040		STRUCTURE
CPX-3055		NONE
CPX-3056		NONE
CPX-3069		NONE
CPX-307		NONE
CPX-3070		STRUCTURE
CPX-3074		NONE
CPX-3078		NONE
CPX-3087		NONE
CPX-3088		NONE
CPX-31		NONE
CPX-3139		NONE
CPX-3146		NONE
CPX-3155		NONE
CPX-3158		NONE
CPX-3159		NONE
CPX-3163		NONE
CPX-3172		INPUT
CPX-3179		NONE
CPX-3180		NONE
CPX-3184		NONE
CPX-3185		NONE
CPX-3188		NONE
CPX-3196		STRUCTURE
CPX-32		NONE
CPX-3207		NONE
CPX-3211		NONE
CPX-3212		NONE
CPX-3215		STRUCTURE
CPX-3226		NONE
CPX-3231		NONE
CPX-3233		NONE
CPX-3234		STRUCTURE
CPX-3238		NONE
CPX-3241		STRUCTURE
CPX-3242		NONE
CPX-3243		NONE
CPX-3244		NONE
CPX-3248		NONE
CPX-3249		STRUCTURE
CPX-325		NONE
CPX-3250		NONE
CPX-3253		NONE
CPX-3254		NONE
CPX-3255		NONE
CPX-3265		NONE
CPX-3279		NONE
CPX-3281		NONE
CPX-3284		NONE
CPX-3294		NONE
CPX-3297		NONE
CPX-3298		NONE
CPX-334		NONE
CPX-3342		NONE
CPX-335		STRUCTURE
CPX-336		STRUCTURE
CPX-337		STRUCTURE
CPX-3384		NONE
CPX-339		NONE
CPX-342		NONE
CPX-3462		NONE
CPX-3503		NONE
CPX-3541		NONE
CPX-36		NONE
CPX-361		NONE
CPX-3621		NONE
CPX-3681		NONE
CPX-384		NONE
CPX-385		NONE
CPX-386		INPUT
CPX-392		NONE
CPX-393		NONE
CPX-396		NONE
CPX-397		NONE
CPX-416		NONE
CPX-417		NONE
CPX-418		NONE
CPX-422		NONE
CPX-425		NONE
CPX-426		STRUCTURE
CPX-427		NONE
CPX-429		NONE
CPX-43		NONE
CPX-430		NONE
CPX-431		NONE
CPX-435		NONE
CPX-44		NONE
CPX-45		NONE
CPX-46		NONE
CPX-465		NONE
CPX-473		NONE
CPX-474		NONE
CPX-5304		NONE
CPX-532		NONE
CPX-5321		NONE
CPX-5322		NONE
CPX-533		NONE
CPX-534		NONE
CPX-5341		INPUT
CPX-535		NONE
CPX-536		NONE
CPX-537		NONE
CPX-539		NONE
CPX-5401		NONE
CPX-5421		NONE
CPX-5422		NONE
CPX-5423		NONE
CPX-5424		NONE
CPX-544		NONE
CPX-5441		NONE
CPX-5442		NONE
CPX-545		STRUCTURE
CPX-5461		NONE
CPX-5462		NONE
CPX-5463		NONE
CPX-5464		NONE
CPX-5465		NONE
CPX-5466		NONE
CPX-548		STRUCTURE
CPX-5521		NONE
CPX-554		NONE
CPX-558		NONE
CPX-565		NONE
CPX-567		NONE
CPX-568		STRUCTURE
CPX-571		NONE
CPX-572		NONE
CPX-573		NONE
CPX-574		NONE
CPX-575		NONE
CPX-576		NONE
CPX-579		NONE
CPX-580		NONE
CPX-581		BOTH
CPX-582		NONE
CPX-583		NONE
CPX-588		NONE
CPX-590		NONE
CPX-599		NONE
CPX-603		NONE
CPX-607		NONE
CPX-608		NONE
CPX-609		NONE
CPX-6127		NONE
CPX-636		INPUT
CPX-637		NONE
CPX-656		NONE
CPX-6643		NONE
CPX-675		NONE
CPX-684		NONE
CPX-6864		INPUT
CPX-6865		INPUT
CPX-692		NONE
CPX-6921		INPUT
CPX-6924		INPUT
CPX-6928		INPUT
CPX-693		NONE
CPX-6930		INPUT
CPX-6937		INPUT
CPX-695		NONE
CPX-6957		INPUT
CPX-728		NONE
CPX-729		NONE
CPX-734		NONE
CPX-737		NONE
CPX-756		STRUCTURE
CPX-760		STRUCTURE
CPX-761		STRUCTURE
CPX-762		NONE
CPX-768		NONE
CPX-769		BOTH
CPX-770		BOTH
CPX-771		NONE
CPX-772		NONE
CPX-773		NONE
CPX-774		INPUT
CPX-775		INPUT
CPX-776		INPUT
CPX-777		NONE
CPX-778		NONE
CPX-779		NONE
CPX-780		NONE
CPX-781		NONE
CPX-782		NONE
CPX-783		NONE
CPX-784		NONE
CPX-7884		STRUCTURE
CPX-7885		STRUCTURE
CPX-8127		NONE
CPX-813		NONE
CPX-8171		NONE
CPX-8172		NONE
CPX-824		NONE
CPX-828		NONE
CPX-8559		NONE
CPX-8568		NONE
CPX-863		STRUCTURE
CPX-867		NONE
CPX-868		NONE
CPX-869		INPUT
CPX-9181		NONE
CPX-940		NONE
CPX-946		STRUCTURE
CPX-950		STRUCTURE
CPX-956		NONE
CPX-961		NONE
CPX-962		NONE
CPX-963		NONE
CPX-964		NONE
CPX-977		NONE
CPX-995		NONE
CPX-999		NONE
CQD1	YPL109C	STRUCTURE
CQD2	YLR253W	STRUCTURE
CRC1	YOR100C	NONE
CRD1	YDL142C	NONE
CRF1	YDR223W	NONE
CRG1	YHR209W	NONE
CRH1	YGR189C	STRUCTURE
CRM1	YGR218W	NONE
CRN1	YLR429W	NONE
CRP1	YHR146W	INPUT
CRR1	YLR213C	NONE
CRS1	YNL247W	NONE
CRS5	YOR031W	NONE
CRT10	YOL063C	NONE
CRZ1	YNL027W	NONE
CSA1	YPR174C	NONE
CSC1	YLR241W	INPUT
CSE1	YGL238W	STRUCTURE
CSE2	YNR010W	NONE
CSE4	YKL049C	STRUCTURE
CSF1	YLR087C	NONE
CSG2	YBR036C	NONE
CSH1	YBR161W	NONE
CSI1	YMR025W	NONE
CSI2	YOL007C	NONE
CSL4	YNL232W	NONE
CSM1	YCR086W	NONE
CSM2	YIL132C	STRUCTURE
CSM3	YMR048W	STRUCTURE
CSM4	YPL200W	STRUCTURE
CSN9	YDR179C	NONE
CSR1	YLR380W	NONE
CSR2	YPR030W	NONE
CSS1	YIL169C	INPUT
CSS2	YFR020W	NONE
CSS3	YOL159C	NONE
CST26	YBR042C	NONE
CST6	YIL036W	NONE
CST9	YLR394W	STRUCTURE
CTA1	YDR256C	NONE
CTF13	YMR094W	NONE
CTF18	YMR078C	STRUCTURE
CTF19	YPL018W	STRUCTURE
CTF3	YLR381W	STRUCTURE
CTF4	YPR135W	STRUCTURE
CTF8	YHR191C	STRUCTURE
CTH1	YDR151C	NONE
CTI6	YPL181W	STRUCTURE
CTK1	YKL139W	STRUCTURE
CTK2	YJL006C	NONE
CTK3	YML112W	NONE
CTL1	YMR180C	NONE
CTM1	YHR109W	NONE
CTO1	YCR015C	NONE
CTP1	YBR291C	INPUT
CTR1	YPR124W	INPUT
CTR2	YHR175W	INPUT
CTR3	YLR411W	INPUT
CTR86	YCR054C	STRUCTURE
CTR9	YOL145C	STRUCTURE
CTS1	YLR286C	STRUCTURE
CTS2	YDR371W	NONE
CTT1	YGR088W	NONE
CUB1	YPL260W	NONE
CUE1	YMR264W	NONE
CUE2	YKL090W	NONE
CUE3	YGL110C	NONE
CUE4	YML101C	NONE
CUE5	YOR042W	NONE
CUL3	YGR003W	STRUCTURE
CUP1-1	YHR053C	NONE
CUP1-2	YHR055C	NONE
CUP2	YGL166W	NONE
CUP9	YPL177C	NONE
CUR1	YPR158W	STRUCTURE
CUS1	YMR240C	NONE
CUS2	YNL286W	NONE
CUZ1	YNL155W	STRUCTURE
CVM1	YMR160W	NONE
CVM2	YML020W	NONE
CWC15	YDR163W	NONE
CWC2	YDL209C	NONE
CWC21	YDR482C	NONE
CWC22	YGR278W	NONE
CWC23	YGL128C	NONE
CWC24	YLR323C	NONE
CWC25	YNL245C	NONE
CWC27	YPL064C	NONE
CWH41	YGL027C	STRUCTURE
CWH43	YCR017C	NONE
CWP1	YKL096W	NONE
CWP2	YKL096W-A	NONE
CYB2	YML054C	NONE
CYB5	YNL111C	NONE
CYC1	YJR048W	NONE
CYC2	YOR037W	NONE
CYC3	YAL039C	NONE
CYC7	YEL039C	NONE
CYC8	YBR112C	STRUCTURE
CYK3	YDL117W	STRUCTURE
CYM1	YDR430C	NONE
CYR1	YJL005W	INPUT
CYS3	YAL012W	NONE
CYS4	YGR155W	NONE
CYT1	YOR065W	NONE
CYT2	YKL087C	NONE
DAD1	YDR016C	STRUCTURE
DAD2	YKR083C	STRUCTURE
DAD3	YBR233W-A	STRUCTURE
DAD4	YDR320C-A	STRUCTURE
DAK1	YML070W	NONE
DAK2	YFL053W	NONE
DAL1	YIR027C	NONE
DAL2	YIR029W	NONE
DAL3	YIR032C	NONE
DAL4	YIR028W	INPUT
DAL5	YJR152W	INPUT
DAL7	YIR031C	NONE
DAL80	YKR034W	NONE
DAL81	YIR023W	NONE
DAL82	YNL314W	NONE
DAM1	YGR113W	STRUCTURE
DAN1	YJR150C	NONE
DAN4	YJR151C	NONE
DAP1	YPL170W	NONE
DAP2	YHR028C	NONE
DAS1	YJL149W	NONE
DAS2	YDR020C	NONE
DAT1	YML113W	NONE
DBF2	YGR092W	STRUCTURE
DBF20	YPR111W	STRUCTURE
DBF4	YDR052C	STRUCTURE
DBP1	YPL119C	NONE
DBP10	YDL031W	STRUCTURE
DBP2	YNL112W	STRUCTURE
DBP3	YGL078C	STRUCTURE
DBP5	YOR046C	NONE
DBP6	YNR038W	STRUCTURE
DBP7	YKR024C	STRUCTURE
DBP8	YHR169W	STRUCTURE
DBP9	YLR276C	STRUCTURE
DBR1	YKL149C	NONE
DCC1	YCL016C	STRUCTURE
DCD1	YHR144C	NONE
DCG1	YIR030C	NONE
DCI1	YOR180C	NONE
DCK1	YLR422W	INPUT
DCN1	YLR128W	NONE
DCP1	YOL149W	NONE
DCP2	YNL118C	NONE
DCR2	YLR361C	NONE
DCS1	YLR270W	INPUT
DCS2	YOR173W	INPUT
DCV1	YFR012W	NONE
DCW1	YKL046C	STRUCTURE
DDC1	YPL194W	STRUCTURE
DDE1	YHR045W	NONE
DDI1	YER143W	NONE
DDI2	YNL335W	NONE
DDI3	YFL061W	NONE
DDL1	YOR022C	NONE
DDP1	YOR163W	NONE
DDR2	YOL052C-A	NONE
DDR48	YMR173W	STRUCTURE
DED1	YOR204W	NONE
DED81	YHR019C	NONE
DEF1	YKL054C	STRUCTURE
DEG1	YFL001W	NONE
DEP1	YAL013W	STRUCTURE
DER1	YBR201W	NONE
DET1	YDR051C	NONE
DFG10	YIL049W	NONE
DFG16	YOR030W	NONE
DFG5	YMR238W	STRUCTURE
DFM1	YDR411C	STRUCTURE
DFP1	YAR023C	NONE
DFP2	YAR029W	NONE
DFP3	YCR007C	NONE
DFP4	YHL044W	NONE
DFR1	YOR236W	NONE
DGA1	YOR245C	NONE
DGK1	YOR311C	NONE
DGR1	YNL130C-A	NONE
DGR2	YKL121W	NONE
DHH1	YDL160C	NONE
DHR2	YKL078W	STRUCTURE
DIA1	YMR316W	NONE
DIA2	YOR080W	NONE
DIA3	YDL024C	NONE
DIA4	YHR011W	NONE
DIB1	YPR082C	NONE
DIC1	YLR348C	NONE
DID2	YKR035W-A	NONE
DID4	YKL002W	NONE
DIE2	YGR227W	NONE
DIF1	YLR437C	NONE
DIG1	YPL049C	NONE
DIG2	YDR480W	NONE
DIM1	YPL266W	STRUCTURE
DIN7	YDR263C	STRUCTURE
DIP2	YLR129W	STRUCTURE
DIP5	YPL265W	INPUT
DIS3	YOL021C	NONE
DIT1	YDR403W	NONE
DIT2	YDR402C	NONE
DJP1	YIR004W	NONE
DLD1	YDL174C	NONE
DLD2	YDL178W	NONE
DLD3	YEL071W	NONE
DLS1	YJL065C	STRUCTURE
DLT1	YMR126C	NONE
DMA1	YHR115C	STRUCTURE
DMA2	YNL116W	STRUCTURE
DMC1	YER179W	STRUCTURE
DML1	YMR211W	STRUCTURE
DMO1	YJR120W	STRUCTURE
DMO2	YDL157C	NONE
DNA2	YHR164C	STRUCTURE
DNF1	YER166W	NONE
DNF2	YDR093W	NONE
DNF3	YMR162C	NONE
DNL4	YOR005C	STRUCTURE
DNM1	YLL001W	STRUCTURE
DOA1	YKL213C	STRUCTURE
DOA4	YDR069C	NONE
DOC1	YGL240W	STRUCTURE
DOG1	YHR044C	NONE
DOG2	YHR043C	NONE
DOM34	YNL001W	STRUCTURE
DON1	YDR273W	STRUCTURE
DOP1	YDR141C	NONE
DOS2	YDR068W	NONE
DOT1	YDR440W	STRUCTURE
DOT5	YIL010W	INPUT
DOT6	YER088C	NONE
DPA10	YLR307C-A	NONE
DPB11	YJL090C	STRUCTURE
DPB2	YPR175W	STRUCTURE
DPB3	YBR278W	STRUCTURE
DPB4	YDR121W	STRUCTURE
DPC13	YGL041W-A	NONE
DPC25	YPL107W	NONE
DPC29	YGR021W	NONE
DPC7	YKL065W-A	NONE
DPH1	YIL103W	NONE
DPH2	YKL191W	NONE
DPH5	YLR172C	NONE
DPH6	YLR143W	NONE
DPI35	YMR130W	NONE
DPI8	YJL133C-A	NONE
DPL1	YDR294C	NONE
DPM1	YPR183W	NONE
DPM2	YIL102C-A	NONE
DPP1	YDR284C	NONE
DPS1	YLL018C	NONE
DRE2	YKR071C	NONE
DRN1	YGR093W	NONE
DRS1	YLL008W	STRUCTURE
DRS2	YAL026C	NONE
DSC2	YOL073C	NONE
DSC3	YOR223W	NONE
DSD1	YGL196W	NONE
DSE1	YER124C	STRUCTURE
DSE2	YHR143W	STRUCTURE
DSE3	YOR264W	NONE
DSE4	YNR067C	STRUCTURE
DSF1	YEL070W	NONE
DSF2	YBR007C	NONE
DSK2	YMR276W	NONE
DSL1	YNL258C	NONE
DSN1	YIR010W	STRUCTURE
DSS1	YMR287C	NONE
DSS4	YPR017C	INPUT
DST1	YGL043W	NONE
DTD1	YDL219W	NONE
DTR1	YBR180W	INPUT
DUF1	YOL087C	NONE
DUG1	YFR044C	NONE
DUG2	YBR281C	NONE
DUG3	YNL191W	NONE
DUN1	YDL101C	NONE
DUO1	YGL061C	STRUCTURE
DUR12	YBR208C	NONE
DUR3	YHL016C	INPUT
DUS1	YML080W	NONE
DUS3	YLR401C	NONE
DUS4	YLR405W	NONE
DUT1	YBR252W	NONE
DXO1	YDR370C	NONE
DYN1	YKR054C	NONE
DYN2	YDR424C	NONE
DYN3	YMR299C	NONE
DYS1	YHR068W	NONE
EAF1	YDR359C	STRUCTURE
EAF3	YPR023C	STRUCTURE
EAF5	YEL018W	STRUCTURE
EAF6	YJR082C	STRUCTURE
EAF7	YNL136W	STRUCTURE
EAP1	YKL204W	NONE
EAR1	YMR171C	NONE
EAT1	YGR015C	NONE
EBP2	YKL172W	STRUCTURE
EBS1	YDR206W	NONE
ECI1	YLR284C	NONE
ECL1	YGR146C	NONE
ECM1	YAL059W	STRUCTURE
ECM10	YEL030W	STRUCTURE
ECM11	YDR446W	STRUCTURE
ECM12	YHR021W-A	STRUCTURE
ECM13	YBL043W	STRUCTURE
ECM14	YHR132C	STRUCTURE
ECM15	YBL001C	NONE
ECM16	YMR128W	STRUCTURE
ECM18	YDR125C	STRUCTURE
ECM19	YLR390W	STRUCTURE
ECM2	YBR065C	NONE
ECM21	YBL101C	STRUCTURE
ECM22	YLR228C	NONE
ECM23	YPL021W	STRUCTURE
ECM25	YJL201W	BOTH
ECM27	YJR106W	INPUT
ECM29	YHL030W	NONE
ECM3	YOR092W	BOTH
ECM30	YLR436C	STRUCTURE
ECM31	YBR176W	NONE
ECM32	YER176W	NONE
ECM33	YBR078W	STRUCTURE
ECM34	YHL043W	STRUCTURE
ECM38	YLR299W	NONE
ECM4	YKR076W	STRUCTURE
ECM5	YMR176W	BOTH
ECM7	YLR443W	STRUCTURE
ECM8	YBR076W	STRUCTURE
ECM9	YKR004C	STRUCTURE
ECO1	YFR027W	STRUCTURE
ECT1	YGR007W	NONE
EDC1	YGL222C	NONE
EDC2	YER035W	NONE
EDC3	YEL015W	NONE
EDE1	YBL047C	NONE
EDS1	YBR033W	NONE
EEB1	YPL095C	NONE
EFB1	YAL003W	NONE
EFG1	YGR271C-A	NONE
EFM1	YHL039W	NONE
EFM2	YBR271W	NONE
EFM3	YJR129C	NONE
EFM4	YIL064W	NONE
EFM5	YGR001C	NONE
EFM6	YNL024C	NONE
EFR3	YMR212C	NONE
EFT1	YOR133W	NONE
EFT2	YDR385W	NONE
EGD1	YPL037C	NONE
EGD2	YHR193C	NONE
EGH1	YIR007W	NONE
EGO2	YCR075W-A	INPUT
EGO4	YNR034W-A	NONE
EGT2	YNL327W	STRUCTURE
EHD3	YDR036C	NONE
EHT1	YBR177C	NONE
EIS1	YMR031C	NONE
EKI1	YDR147W	NONE
ELA1	YNL230C	NONE
ELC1	YPL046C	NONE
ELF1	YKL160W	NONE
ELG1	YOR144C	STRUCTURE
ELM1	YKL048C	STRUCTURE
ELO1	YJL196C	NONE
ELO2	YCR034W	NONE
ELO3	YLR372W	NONE
ELP2	YGR200C	NONE
ELP3	YPL086C	NONE
ELP4	YPL101W	NONE
ELP6	YMR312W	NONE
EMA17	YIL029C	NONE
EMA19	YLR050C	NONE
EMA35	YCR100C	NONE
EMC1	YCL045C	NONE
EMC10	YDR056C	NONE
EMC2	YJR088C	NONE
EMC3	YKL207W	NONE
EMC4	YGL231C	NONE
EMC5	YIL027C	NONE
EMC6	YLL014W	NONE
EMG1	YLR186W	STRUCTURE
EMI1	YDR512C	STRUCTURE
EMI2	YDR516C	NONE
EMP24	YGL200C	NONE
EMP46	YLR080W	NONE
EMP47	YFL048C	NONE
EMP65	YER140W	NONE
EMP70	YLR083C	INPUT
EMT1	YNCD0025W	NONE
EMT2	YNCO0030W	NONE
EMT3	YNCJ0020W	NONE
EMT4	YNCM0028C	NONE
EMT5	YNCJ0016C	NONE
EMW1	YNL313C	STRUCTURE
ENA1	YDR040C	INPUT
ENA2	YDR039C	INPUT
ENA5	YDR038C	INPUT
ENA6		NONE
ENB1	YOL158C	INPUT
END3	YNL084C	NONE
ENO1	YGR254W	NONE
ENO2	YHR174W	NONE
ENP1	YBR247C	STRUCTURE
ENP2	YGR145W	STRUCTURE
ENS2		NONE
ENT1	YDL161W	NONE
ENT2	YLR206W	NONE
ENT3	YJR125C	NONE
ENT4	YLL038C	NONE
ENT5	YDR153C	NONE
ENV11	YGR071C	NONE
ENV7	YPL236C	NONE
ENV9	YOR246C	NONE
EOS1	YNL080C	INPUT
EPL1	YFL024C	STRUCTURE
EPO1	YMR124W	NONE
EPS1	YIL005W	STRUCTURE
EPT1	YHR123W	NONE
ERB1	YMR049C	STRUCTURE
ERC1	YHR032W	INPUT
ERD1	YDR414C	NONE
ERD2	YBL040C	NONE
ERF2	YLR246W	NONE
ERG1	YGR175C	NONE
ERG10	YPL028W	NONE
ERG11	YHR007C	NONE
ERG12	YMR208W	NONE
ERG13	YML126C	NONE
ERG2	YMR202W	NONE
ERG20	YJL167W	NONE
ERG24	YNL280C	NONE
ERG25	YGR060W	NONE
ERG26	YGL001C	NONE
ERG27	YLR100W	NONE
ERG28	YER044C	NONE
ERG29	YMR134W	STRUCTURE
ERG3	YLR056W	NONE
ERG4	YGL012W	NONE
ERG5	YMR015C	NONE
ERG6	YML008C	NONE
ERG7	YHR072W	NONE
ERG8	YMR220W	NONE
ERG9	YHR190W	NONE
ERI1	YPL096C-A	NONE
ERJ5	YFR041C	STRUCTURE
ERO1	YML130C	NONE
ERP1	YAR002C-A	NONE
ERP2	YAL007C	NONE
ERP3	YDL018C	NONE
ERP4	YOR016C	NONE
ERP5	YHR110W	NONE
ERP6	YGL002W	NONE
ERR1	YOR393W	NONE
ERR2	YPL281C	NONE
ERR3	YMR323W	NONE
ERS1	YCR075C	INPUT
ERT1	YBR239C	NONE
ERV1	YGR029W	INPUT
ERV14	YGL054C	NONE
ERV15	YBR210W	NONE
ERV2	YPR037C	NONE
ERV25	YML012W	NONE
ERV29	YGR284C	NONE
ERV41	YML067C	NONE
ERV46	YAL042W	NONE
ESA1	YOR244W	STRUCTURE
ESBP6	YNL125C	INPUT
ESC1	YMR219W	NONE
ESC2	YDR363W	NONE
ESC8	YOL017W	NONE
ESF1	YDR365C	STRUCTURE
ESF2	YNR054C	STRUCTURE
ESL1	YIL151C	NONE
ESL2	YKR096W	NONE
ESP1	YGR098C	STRUCTURE
ESS1	YJR017C	NONE
EST1	YLR233C	NONE
EST2	YLR318W	NONE
EST3	YIL009C-A	NONE
ETP1	YHL010C	NONE
ETR1	YBR026C	NONE
ETS1-1	YNCL0017C	NONE
ETS1-2	YNCL0026C	NONE
ETT1	YOR051C	NONE
EUC1	YMR111C	NONE
EUG1	YDR518W	STRUCTURE
EXG1	YLR300W	STRUCTURE
EXG2	YDR261C	STRUCTURE
EXO1	YOR033C	STRUCTURE
EXO5	YBR163W	STRUCTURE
EXO70	YJL085W	NONE
EXO84	YBR102C	NONE
EXP1	YDL121C	NONE
FAA1	YOR317W	NONE
FAA2	YER015W	NONE
FAA3	YIL009W	NONE
FAA4	YMR246W	NONE
FAB1	YFR019W	NONE
FAD1	YDL045C	NONE
FAF1	YIL019W	STRUCTURE
FAL1	YDR021W	STRUCTURE
FAP1	YNL023C	NONE
FAP7	YDL166C	BOTH
FAR1	YJL157C	STRUCTURE
FAR10	YLR238W	NONE
FAR11	YNL127W	NONE
FAR3	YMR052W	NONE
FAR7	YFR008W	NONE
FAR8	YMR029C	NONE
FAS1	YKL182W	NONE
FAS2	YPL231W	NONE
FAT1	YBR041W	NONE
FAT3	YKL187C	NONE
FAU1	YER183C	NONE
FBA1	YKL060C	NONE
FBP1	YLR377C	NONE
FBP26	YJL155C	NONE
FCF1	YDR339C	STRUCTURE
FCF2	YLR051C	STRUCTURE
FCP1	YMR277W	NONE
FCY1	YPR062W	NONE
FCY2	YER056C	INPUT
FCY21	YER060W	INPUT
FCY22	YER060W-A	INPUT
FDC1	YDR539W	NONE
FDH1	YOR388C	NONE
FDH2	YPL275W	NONE
FDO1	YMR144W	NONE
FEN2	YCR028C	INPUT
FES1	YBR101C	NONE
FET3	YMR058W	INPUT
FET4	YMR319C	INPUT
FET5	YFL041W	INPUT
FEX1	YOR390W	NONE
FEX2	YPL279C	NONE
FHL1	YPR104C	NONE
FHN1	YGR131W	NONE
FIG1	YBR040W	NONE
FIG2	YCR089W	STRUCTURE
FIG4	YNL325C	NONE
FIN1	YDR130C	NONE
FIP1	YJR093C	NONE
FIR1	YER032W	NONE
FIS1	YIL065C	NONE
FIT1	YDR534C	INPUT
FIT2	YOR382W	INPUT
FIT3	YOR383C	INPUT
FKH1	YIL131C	STRUCTURE
FKH2	YNL068C	STRUCTURE
FKS1	YLR342W	STRUCTURE
FKS3	YMR306W	STRUCTURE
FLC1	YPL221W	BOTH
FLC2	YAL053W	BOTH
FLC3	YGL139W	BOTH
FLO1	YAR050W	NONE
FLO10	YKR102W	NONE
FLO11	YIR019C	NONE
FLO5	YHR211W	NONE
FLO8	YER109C	NONE
FLO9	YAL063C	NONE
FLP1		NONE
FLR1	YBR008C	INPUT
FLX1	YIL134W	INPUT
FMC1	YIL098C	NONE
FMN1	YDR236C	NONE
FMO1	YHR176W	STRUCTURE
FMP10	YER182W	NONE
FMP16	YDR070C	NONE
FMP23	YBR047W	NONE
FMP25	YLR077W	NONE
FMP27	YLR454W	NONE
FMP30	YPL103C	NONE
FMP32	YFL046W	NONE
FMP33	YJL161W	NONE
FMP40	YPL222W	NONE
FMP41	YNL168C	NONE
FMP42	YMR221C	INPUT
FMP45	YDL222C	NONE
FMP46	YKR049C	NONE
FMP48	YGR052W	INPUT
FMP49	YER038W-A	NONE
FMP52	YER004W	NONE
FMS1	YMR020W	NONE
FMT1	YBL013W	NONE
FOB1	YDR110W	STRUCTURE
FOL1	YNL256W	NONE
FOL2	YGR267C	NONE
FOL3	YMR113W	NONE
FOX2	YKR009C	NONE
FPG1		NONE
FPK1	YNR047W	NONE
FPR1	YNL135C	STRUCTURE
FPR2	YDR519W	NONE
FPR3	YML074C	NONE
FPR4	YLR449W	NONE
FPS1	YLL043W	INPUT
FPT1	YKR011C	NONE
FPY1	YMR178W	NONE
FRA1	YLL029W	NONE
FRD1	YEL047C	NONE
FRE1	YLR214W	INPUT
FRE2	YKL220C	INPUT
FRE3	YOR381W	INPUT
FRE4	YNR060W	INPUT
FRE5	YOR384W	INPUT
FRE6	YLL051C	INPUT
FRE7	YOL152W	INPUT
FRE8	YLR047C	INPUT
FRK1	YPL141C	NONE
FRM2	YCL026C-A	INPUT
FRQ1	YDR373W	NONE
FRS1	YLR060W	NONE
FRS2	YFL022C	NONE
FRT1	YOR324C	INPUT
FRT2	YAL028W	INPUT
FSF1	YOR271C	INPUT
FSH1	YHR049W	NONE
FSH2	YMR222C	NONE
FSH3	YOR280C	NONE
FTH1	YBR207W	INPUT
FTR1	YER145C	INPUT
FUB1	YCR076C	STRUCTURE
FUI1	YBL042C	INPUT
FUM1	YPL262W	STRUCTURE
FUN12	YAL035W	NONE
FUN14	YAL008W	STRUCTURE
FUN19	YAL034C	NONE
FUN26	YAL022C	INPUT
FUN30	YAL019W	STRUCTURE
FUR1	YHR128W	NONE
FUR4	YBR021W	INPUT
FUS1	YCL027W	NONE
FUS2	YMR232W	NONE
FUS3	YBL016W	STRUCTURE
FYV10	YIL097W	STRUCTURE
FYV12	YOR183W	NONE
FYV4	YHR059W	NONE
FYV5	YCL058C	STRUCTURE
FYV6	YNL133C	NONE
FYV7	YLR068W	NONE
FYV8	YGR196C	NONE
FZF1	YGL254W	NONE
FZO1	YBR179C	NONE
GAA1	YLR088W	NONE
GAB1	YLR459W	STRUCTURE
GAC1	YOR178C	INPUT
GAD1	YMR250W	INPUT
GAG1	YLR407W	NONE
GAL1	YBR020W	NONE
GAL10	YBR019C	NONE
GAL11	YOL051W	NONE
GAL2	YLR081W	INPUT
GAL3	YDR009W	NONE
GAL4	YPL248C	NONE
GAL7	YBR018C	NONE
GAL80	YML051W	NONE
GAL83	YER027C	INPUT
GAP1	YKR039W	INPUT
GAR1	YHR089C	STRUCTURE
GAS1	YMR307W	STRUCTURE
GAS2	YLR343W	STRUCTURE
GAS3	YMR215W	STRUCTURE
GAS4	YOL132W	STRUCTURE
GAS5	YOL030W	STRUCTURE
GAT1	YFL021W	NONE
GAT2	YMR136W	NONE
GAT3	YLR013W	NONE
GAT4	YIR013C	NONE
GBP2	YCL011C	NONE
GCD1	YOR260W	NONE
GCD10	YNL062C	NONE
GCD11	YER025W	NONE
GCD14	YJL125C	NONE
GCD2	YGR083C	NONE
GCD6	YDR211W	NONE
GCD7	YLR291C	NONE
GCG1	YER163C	NONE
GCN1	YGL195W	NONE
GCN2	YDR283C	NONE
GCN20	YFR009W	NONE
GCN3	YKR026C	NONE
GCN4	YEL009C	NONE
GCN5	YGR252W	STRUCTURE
GCR1	YPL075W	NONE
GCR2	YNL199C	NONE
GCS1	YDL226C	STRUCTURE
GCV1	YDR019C	NONE
GCV2	YMR189W	NONE
GCV3	YAL044C	NONE
GCY1	YOR120W	INPUT
GDA1	YEL042W	NONE
GDB1	YPR184W	NONE
GDE1	YPL110C	NONE
GDH1	YOR375C	NONE
GDH2	YDL215C	NONE
GDH3	YAL062W	NONE
GDI1	YER136W	INPUT
GDS1	YOR355W	NONE
GDT1	YBR187W	NONE
GEA1	YJR031C	NONE
GEA2	YEL022W	NONE
GEF1	YJR040W	INPUT
GEM1	YAL048C	BOTH
GEP3	YOR205C	STRUCTURE
GEP4	YHR100C	NONE
GEP5	YLR091W	NONE
GEP7	YGL057C	NONE
GET1	YGL020C	NONE
GET2	YER083C	NONE
GET3	YDL100C	BOTH
GET4	YOR164C	NONE
GEX1	YCL073C	INPUT
GEX2	YKR106W	INPUT
GFA1	YKL104C	NONE
GFD1	YMR255W	NONE
GFD2	YCL036W	NONE
GGA1	YDR358W	NONE
GGA2	YHR108W	NONE
GGC1	YDL198C	INPUT
GIC1	YHR061C	NONE
GIC2	YDR309C	NONE
GID10	YGR066C	BOTH
GID11	YLR149C	NONE
GID12	YDL176W	NONE
GID7	YCL039W	STRUCTURE
GID8	YMR135C	STRUCTURE
GIM3	YNL153C	STRUCTURE
GIM4	YEL003W	STRUCTURE
GIM5	YML094W	STRUCTURE
GIN4	YDR507C	STRUCTURE
GIP1	YBR045C	NONE
GIP2	YER054C	NONE
GIP3	YPL137C	STRUCTURE
GIP4	YAL031C	STRUCTURE
GIR2	YDR152W	NONE
GIS1	YDR096W	NONE
GIS2	YNL255C	NONE
GIS3	YLR094C	NONE
GIS4	YML006C	NONE
GIT1	YCR098C	INPUT
GLC3	YEL011W	NONE
GLC7	YER133W	BOTH
GLC8	YMR311C	STRUCTURE
GLD1	YPR109W	NONE
GLE1	YDL207W	NONE
GLE2	YER107C	NONE
GLG1	YKR058W	NONE
GLG2	YJL137C	NONE
GLK1	YCL040W	NONE
GLN1	YPR035W	NONE
GLN3	YER040W	NONE
GLN4	YOR168W	NONE
GLO1	YML004C	NONE
GLO2	YDR272W	NONE
GLO3	YER122C	NONE
GLO4	YOR040W	NONE
GLR1	YPL091W	INPUT
GLT1	YDL171C	NONE
GLY1	YEL046C	NONE
GMC1	YDR506C	INPUT
GMC2	YLR445W	NONE
GMH1	YKR030W	NONE
GNA1	YFL017C	NONE
GND1	YHR183W	INPUT
GND2	YGR256W	NONE
GNP1	YDR508C	INPUT
GNT1	YOR320C	NONE
GON7	YJL184W	NONE
GOR1	YNL274C	NONE
GOS1	YHL031C	NONE
GOT1	YMR292W	NONE
GPA1	YHR005C	INPUT
GPA2	YER020W	INPUT
GPB1	YOR371C	NONE
GPB2	YAL056W	INPUT
GPC1	YGR149W	NONE
GPD1	YDL022W	NONE
GPD2	YOL059W	NONE
GPG1	YGL121C	INPUT
GPH1	YPR160W	NONE
GPI1	YGR216C	NONE
GPI10	YGL142C	NONE
GPI11	YDR302W	NONE
GPI12	YMR281W	NONE
GPI13	YLL031C	STRUCTURE
GPI14	YJR013W	STRUCTURE
GPI15	YNL038W	NONE
GPI16	YHR188C	NONE
GPI17	YDR434W	NONE
GPI18	YBR004C	NONE
GPI19	YDR437W	STRUCTURE
GPI2	YPL076W	NONE
GPI8	YDR331W	NONE
GPM1	YKL152C	NONE
GPM2	YDL021W	NONE
GPM3	YOL056W	NONE
GPN2	YOR262W	NONE
GPN3	YLR243W	NONE
GPP1	YIL053W	INPUT
GPP2	YER062C	INPUT
GPR1	YDL035C	INPUT
GPT2	YKR067W	NONE
GPX1	YKL026C	INPUT
GPX2	YBR244W	INPUT
GRC3	YLL035W	NONE
GRE1	YPL223C	NONE
GRE2	YOL151W	NONE
GRE3	YHR104W	INPUT
GRH1	YDR517W	NONE
GRR1	YJR090C	INPUT
GRS1	YBR121C	NONE
GRS2	YPR081C	NONE
GRX1	YCL035C	INPUT
GRX2	YDR513W	INPUT
GRX3	YDR098C	NONE
GRX4	YER174C	INPUT
GRX5	YPL059W	INPUT
GRX6	YDL010W	INPUT
GRX7	YBR014C	INPUT
GRX8	YLR364W	NONE
GSC2	YGR032W	STRUCTURE
GSF2	YML048W	STRUCTURE
GSH1	YJL101C	NONE
GSH2	YOL049W	NONE
GSM1	YJL103C	NONE
GSP1	YLR293C	NONE
GSP2	YOR185C	NONE
GSR1	YMR295C	NONE
GSY1	YFR015C	NONE
GSY2	YLR258W	NONE
GTA1	YEL043W	NONE
GTB1	YDR221W	NONE
GTF1	YGR102C	NONE
GTO1	YGR154C	NONE
GTO3	YMR251W	NONE
GTR1	YML121W	INPUT
GTR2	YGR163W	INPUT
GTS1	YGL181W	NONE
GTT1	YIR038C	NONE
GTT2	YLL060C	NONE
GTT3	YEL017W	NONE
GUA1	YMR217W	NONE
GUD1	YDL238C	NONE
GUF1	YLR289W	NONE
GUK1	YDR454C	NONE
GUP1	YGL084C	NONE
GUP2	YPL189W	NONE
GUS1	YGL245W	NONE
GUT1	YHL032C	NONE
GUT2	YIL155C	NONE
GVP36	YIL041W	NONE
GWT1	YJL091C	NONE
GYL1	YMR192W	NONE
GYP1	YOR070C	NONE
GYP5	YPL249C	NONE
GYP6	YJL044C	NONE
GYP7	YDL234C	NONE
GYP8	YFL027C	NONE
GZF3	YJL110C	NONE
HAA1	YPR008W	NONE
HAB1	YBR285W	NONE
HAC1	YFL031W	NONE
HAL1	YPR005C	NONE
HAL5	YJL165C	NONE
HAL9	YOL089C	NONE
HAM1	YJR069C	NONE
HAP1	YLR256W	NONE
HAP2	YGL237C	NONE
HAP3	YBL021C	NONE
HAP4	YKL109W	NONE
HAP5	YOR358W	NONE
HAS1	YMR290C	STRUCTURE
HAT1	YPL001W	STRUCTURE
HAT2	YEL056W	STRUCTURE
HBN1	YCL026C-B	INPUT
HBS1	YKR084C	NONE
HBT1	YDL223C	NONE
HCA4	YJL033W	STRUCTURE
HCH1	YNL281W	STRUCTURE
HCM1	YCR065W	BOTH
HCR1	YLR192C	NONE
HCS1	YKL017C	NONE
HDA1	YNL021W	STRUCTURE
HDA2	YDR295C	STRUCTURE
HDA3	YPR179C	STRUCTURE
HED1	YDR014W-A	STRUCTURE
HEF3	YNL014W	NONE
HEH2	YDR458C	NONE
HEK2	YBL032W	STRUCTURE
HEL1	YKR017C	NONE
HEL2	YDR266C	NONE
HEM1	YDR232W	NONE
HEM12	YDR047W	NONE
HEM13	YDR044W	NONE
HEM14	YER014W	NONE
HEM15	YOR176W	NONE
HEM2	YGL040C	NONE
HEM25	YDL119C	INPUT
HEM3	YDL205C	NONE
HEM4	YOR278W	NONE
HER1	YOR227W	NONE
HER2	YMR293C	NONE
HES1	YOR237W	NONE
HFA1	YMR207C	NONE
HFD1	YMR110C	NONE
HFI1	YPL254W	STRUCTURE
HFL1	YKR051W	INPUT
HFM1	YGL251C	STRUCTURE
HGH1	YGR187C	STRUCTURE
HHF1	YBR009C	STRUCTURE
HHF2	YNL030W	STRUCTURE
HHO1	YPL127C	NONE
HHT1	YBR010W	STRUCTURE
HHT2	YNL031C	NONE
HHY1	YEL059W	NONE
HIF1	YLL022C	STRUCTURE
HIM1	YDR317W	STRUCTURE
HIP1	YGR191W	INPUT
HIR1	YBL008W	STRUCTURE
HIR2	YOR038C	STRUCTURE
HIR3	YJR140C	STRUCTURE
HIS1	YER055C	NONE
HIS2	YFR025C	NONE
HIS3	YOR202W	NONE
HIS4	YCL030C	NONE
HIS5	YIL116W	NONE
HIS6	YIL020C	NONE
HIS7	YBR248C	NONE
HIT1	YJR055W	NONE
HKR1	YDR420W	NONE
HLJ1	YMR161W	NONE
HLR1	YDR528W	STRUCTURE
HMF1	YER057C	NONE
HMG1	YML075C	NONE
HMG2	YLR450W	NONE
HMI1	YOL095C	STRUCTURE
HMLALPHA1	YCL066W	NONE
HMLALPHA2	YCL067C	NONE
HMO1	YDR174W	STRUCTURE
HMRA1	YCR097W	NONE
HMRA2	YCR096C	NONE
HMS1	YOR032C	NONE
HMS2	YJR147W	NONE
HMT1	YBR034C	NONE
HMX1	YLR205C	NONE
HNM1	YGL077C	INPUT
HNT1	YDL125C	NONE
HNT2	YDR305C	NONE
HNT3	YOR258W	STRUCTURE
HO	YDL227C	NONE
HOB2	YPR117W	NONE
HOC1	YJR075W	NONE
HOF1	YMR032W	STRUCTURE
HOG1	YLR113W	INPUT
HOL1	YNR055C	INPUT
HOM2	YDR158W	NONE
HOM3	YER052C	NONE
HOM6	YJR139C	NONE
HOP1	YIL072W	NONE
HOP2	YGL033W	NONE
HOR7	YMR251W-A	NONE
HOS1	YPR068C	STRUCTURE
HOS2	YGL194C	STRUCTURE
HOS3	YPL116W	STRUCTURE
HOS4	YIL112W	NONE
HOT1	YMR172W	INPUT
HOT13	YKL084W	NONE
HPA2	YPR193C	STRUCTURE
HPA3	YEL066W	NONE
HPC2	YBR215W	STRUCTURE
HPF1	YOL155C	STRUCTURE
HPM1	YIL110W	NONE
HPR1	YDR138W	NONE
HPT1	YDR399W	NONE
HRA1	YNCA0001W	NONE
HRB1	YNL004W	NONE
HRD1	YOL013C	NONE
HRD3	YLR207W	NONE
HRI1	YLR301W	NONE
HRK1	YOR267C	NONE
HRP1	YOL123W	NONE
HRQ1	YDR291W	STRUCTURE
HRR25	YPL204W	BOTH
HRT1	YOL133W	STRUCTURE
HRT3	YLR097C	NONE
HSC82	YMR186W	STRUCTURE
HSE1	YHL002W	NONE
HSF1	YGL073W	INPUT
HSH155	YMR288W	NONE
HSH49	YOR319W	NONE
HSK3	YKL138C-A	STRUCTURE
HSL1	YKL101W	STRUCTURE
HSL7	YBR133C	STRUCTURE
HSM3	YBR272C	STRUCTURE
HSP10	YOR020C	STRUCTURE
HSP104	YLL026W	STRUCTURE
HSP12	YFL014W	BOTH
HSP150	YJL159W	STRUCTURE
HSP26	YBR072W	STRUCTURE
HSP30	YCR021C	NONE
HSP31	YDR533C	BOTH
HSP32	YPL280W	STRUCTURE
HSP33	YOR391C	STRUCTURE
HSP42	YDR171W	BOTH
HSP60	YLR259C	STRUCTURE
HSP78	YDR258C	STRUCTURE
HSP82	YPL240C	BOTH
HST1	YOL068C	STRUCTURE
HST2	YPL015C	NONE
HST3	YOR025W	NONE
HST4	YDR191W	NONE
HSU1	YLL058W	NONE
HSV2	YGR223C	NONE
HSX1	YNCJ0025W	NONE
HTA1	YDR225W	STRUCTURE
HTA2	YBL003C	STRUCTURE
HTB1	YDR224C	STRUCTURE
HTB2	YBL002W	STRUCTURE
HTC1	YPL067C	NONE
HTD2	YHR067W	NONE
HTL1	YCR020W-B	NONE
HTS1	YPR033C	NONE
HTZ1	YOL012C	STRUCTURE
HUA1	YGR268C	NONE
HUA2	YOR284W	NONE
HUB1	YNR032C-A	NONE
HUG1	YML058W-A	STRUCTURE
HUL4	YJR036C	NONE
HUL5	YGL141W	NONE
HUR1	YGL168W	STRUCTURE
HUT1	YPL244C	INPUT
HVG1	YER039C	INPUT
HXK1	YFR053C	NONE
HXK2	YGL253W	NONE
HXT1	YHR094C	INPUT
HXT10	YFL011W	INPUT
HXT11	YOL156W	INPUT
HXT12	YIL170W	INPUT
HXT13	YEL069C	INPUT
HXT14	YNL318C	INPUT
HXT15	YDL245C	INPUT
HXT16	YJR158W	INPUT
HXT17	YNR072W	INPUT
HXT2	YMR011W	INPUT
HXT3	YDR345C	INPUT
HXT4	YHR092C	INPUT
HXT5	YHR096C	INPUT
HXT6	YDR343C	INPUT
HXT7	YDR342C	INPUT
HXT8	YJL214W	INPUT
HXT9	YJL219W	INPUT
HYM1	YKL189W	NONE
HYP2	YEL034W	NONE
HYR1	YIR037W	INPUT
IAH1	YOR126C	NONE
IAI11	YBL059W	NONE
IAT4	YDR391C	NONE
IBA57	YJR122W	NONE
IBD2	YNL164C	STRUCTURE
ICE2	YIL090W	NONE
ICL1	YER065C	NONE
ICL2	YPR006C	NONE
ICP55	YER078C	NONE
ICR1	YNCI0012	NONE
ICS2	YBR157C	NONE
ICS3	YJL077C	NONE
ICT1	YLR099C	NONE
ICY1	YMR195W	NONE
IDH1	YNL037C	NONE
IDH2	YOR136W	NONE
IDI1	YPL117C	NONE
IDP1	YDL066W	NONE
IDP2	YLR174W	NONE
IDP3	YNL009W	NONE
IDS2	YJL146W	STRUCTURE
IES1	YFL013C	NONE
IES2	YNL215W	STRUCTURE
IES3	YLR052W	NONE
IES4	YOR189W	NONE
IES5	YER092W	NONE
IES6	YEL044W	NONE
IFA38	YBR159W	NONE
IFH1	YLR223C	NONE
IFM1	YOL023W	NONE
IGD1	YFR017C	NONE
IGO1	YNL157W	NONE
IGO2	YHR132W-A	NONE
IKI1	YHR187W	NONE
IKI3	YLR384C	NONE
IKS1	YJL057C	INPUT
ILM1	YJR118C	NONE
ILS1	YBL076C	NONE
ILT1	YDR090C	NONE
ILV1	YER086W	NONE
ILV2	YMR108W	NONE
ILV3	YJR016C	NONE
ILV5	YLR355C	NONE
ILV6	YCL009C	NONE
IMA1	YGR287C	NONE
IMA2	YOL157C	NONE
IMA3	YIL172C	NONE
IMA4	YJL221C	NONE
IMA5	YJL216C	NONE
IMD2	YHR216W	NONE
IMD3	YLR432W	NONE
IMD4	YML056C	NONE
IME1	YJR094C	NONE
IME2	YJL106W	NONE
IME4	YGL192W	NONE
IMG1	YCR046C	NONE
IMG2	YCR071C	NONE
IMH1	YLR309C	NONE
IML1	YJR138W	INPUT
IML2	YJL082W	NONE
IML3	YBR107C	STRUCTURE
IMO32	YGR031W	NONE
IMP1	YMR150C	NONE
IMP2	YMR035W	NONE
IMP21	YIL154C	NONE
IMP3	YHR148W	STRUCTURE
IMP4	YNL075W	STRUCTURE
IMT1	YNCO0023W	NONE
IMT2	YNCP0006C	NONE
IMT3	YNCJ0022C	NONE
IMT4	YNCE0006W	NONE
INA1	YLR413W	NONE
INA17	YPL099C	NONE
INA22	YIR024C	NONE
INH1	YDL181W	NONE
INM1	YHR046C	INPUT
INM2	YDR287W	INPUT
INN1	YNL152W	STRUCTURE
INO1	YJL153C	NONE
INO2	YDR123C	NONE
INO4	YOL108C	NONE
INO80	YGL150C	STRUCTURE
INP1	YMR204C	NONE
INP2	YMR163C	NONE
INP51	YIL002C	NONE
INP52	YNL106C	NONE
INP53	YOR109W	NONE
INP54	YOL065C	NONE
IOC2	YLR095C	NONE
IOC3	YFR013W	NONE
IOC4	YMR044W	NONE
IPA1	YJR141W	STRUCTURE
IPI1	YHR085W	STRUCTURE
IPI3	YNL182C	STRUCTURE
IPK1	YDR315C	NONE
IPL1	YPL209C	STRUCTURE
IPP1	YBR011C	NONE
IPT1	YDR072C	NONE
IQG1	YPL242C	STRUCTURE
IRA1	YBR140C	NONE
IRA2	YOL081W	NONE
IRC10	YOL015W	NONE
IRC13	YOR235W	NONE
IRC15	YPL017C	NONE
IRC16	YPR038W	NONE
IRC18	YJL037W	NONE
IRC19	YLL033W	NONE
IRC20	YLR247C	STRUCTURE
IRC21	YMR073C	NONE
IRC22	YEL001C	NONE
IRC23	YOR044W	NONE
IRC24	YIR036C	NONE
IRC25	YLR021W	NONE
IRC3	YDR332W	NONE
IRC4	YDR540C	NONE
IRC5	YFR038W	NONE
IRC6	YFR043C	NONE
IRC7	YFR055W	NONE
IRC8	YJL051W	NONE
IRC9	YJL142C	NONE
IRE1	YHR079C	NONE
IRR1	YIL026C	STRUCTURE
IRS4	YKR019C	NONE
ISA1	YLL027W	NONE
ISA2	YPR067W	NONE
ISC1	YER019W	NONE
ISC10	YER180C	NONE
ISD11	YER048W-A	NONE
ISF1	YMR081C	NONE
ISM1	YPL040C	NONE
ISN1	YOR155C	NONE
ISR1	YPR106W	NONE
IST1	YNL265C	NONE
IST2	YBR086C	NONE
IST3	YIR005W	NONE
ISU1	YPL135W	NONE
ISU2	YOR226C	NONE
ISW1	YBR245C	STRUCTURE
ISW2	YOR304W	STRUCTURE
ISY1	YJR050W	NONE
ITC1	YGL133W	STRUCTURE
ITR1	YDR497C	INPUT
ITR2	YOL103W	INPUT
ITT1	YML068W	NONE
IVY1	YDR229W	NONE
IWR1	YDL115C	NONE
IXR1	YKL032C	NONE
IZH1	YDR492W	NONE
IZH2	YOL002C	NONE
IZH3	YLR023C	NONE
IZH4	YOL101C	NONE
JAC1	YGL018C	NONE
JEM1	YJL073W	NONE
JEN1	YKL217W	INPUT
JHD1	YER051W	STRUCTURE
JHD2	YJR119C	STRUCTURE
JID1	YPR061C	NONE
JIP3	YLR331C	NONE
JIP4	YDR475C	NONE
JIP5	YPR169W	STRUCTURE
JJJ1	YNL227C	STRUCTURE
JJJ2	YJL162C	NONE
JJJ3	YJR097W	NONE
JLP1	YLL057C	NONE
JLP2	YMR132C	NONE
JNM1	YMR294W	NONE
JSN1	YJR091C	NONE
KAE1	YKR038C	NONE
KAP104	YBR017C	NONE
KAP114	YGL241W	NONE
KAP120	YPL125W	NONE
KAP122	YGL016W	NONE
KAP123	YER110C	NONE
KAP95	YLR347C	NONE
KAR1	YNL188W	STRUCTURE
KAR2	YJL034W	NONE
KAR3	YPR141C	STRUCTURE
KAR4	YCL055W	NONE
KAR5	YMR065W	NONE
KAR9	YPL269W	NONE
KCC4	YCL024W	STRUCTURE
KCH1	YJR054W	INPUT
KCS1	YDR017C	NONE
KDX1	YKL161C	BOTH
KEG1	YFR042W	STRUCTURE
KEI1	YDR367W	NONE
KEL1	YHR158C	INPUT
KEL2	YGR238C	INPUT
KEL3	YPL263C	NONE
KES1	YPL145C	NONE
KEX1	YGL203C	NONE
KEX2	YNL238W	NONE
KGD1	YIL125W	NONE
KGD2	YDR148C	NONE
KGD4	YFR049W	NONE
KHA1	YJL094C	INPUT
KHR1		NONE
KHS1		NONE
KIC1	YHR102W	NONE
KIN1	YDR122W	NONE
KIN2	YLR096W	NONE
KIN28	YDL108W	STRUCTURE
KIN3	YAR018C	STRUCTURE
KIN4	YOR233W	NONE
KIN82	YCR091W	NONE
KIP1	YBL063W	STRUCTURE
KIP2	YPL155C	STRUCTURE
KIP3	YGL216W	NONE
KKQ8	YKL168C	NONE
KNH1	YDL049C	STRUCTURE
KNS1	YLL019C	NONE
KOG1	YHR186C	INPUT
KRE1	YNL322C	STRUCTURE
KRE2	YDR483W	NONE
KRE28	YDR532C	NONE
KRE29	YER038C	STRUCTURE
KRE33	YNL132W	STRUCTURE
KRE5	YOR336W	STRUCTURE
KRE6	YPR159W	STRUCTURE
KRE9	YJL174W	STRUCTURE
KRI1	YNL308C	STRUCTURE
KRR1	YCL059C	STRUCTURE
KRS1	YDR037W	NONE
KSH1	YNL024C-A	NONE
KSP1	YHR082C	BOTH
KSS1	YGR040W	INPUT
KTA1	YCL049C	NONE
KTD1	YAR028W	NONE
KTI11	YBL071W-A	NONE
KTI12	YKL110C	NONE
KTR1	YOR099W	NONE
KTR2	YKR061W	NONE
KTR3	YBR205W	NONE
KTR4	YBR199W	NONE
KTR5	YNL029C	NONE
KTR6	YPL053C	NONE
KTR7	YIL085C	NONE
KXD1	YGL079W	NONE
LAA1	YJL207C	NONE
LAA2	YBL010C	NONE
LAC1	YKL008C	NONE
LAF1	YMR102C	NONE
LAG1	YHL003C	NONE
LAG2	YOL025W	NONE
LAM1	YHR155W	NONE
LAM4	YHR080C	NONE
LAM5	YFL042C	NONE
LAM6	YLR072W	NONE
LAP2	YNL045W	NONE
LAP3	YNL239W	NONE
LAS1	YKR063C	NONE
LAS17	YOR181W	NONE
LAS21	YJL062W	NONE
LAT1	YNL071W	NONE
LCB1	YMR296C	NONE
LCB2	YDR062W	NONE
LCB3	YJL134W	NONE
LCB4	YOR171C	NONE
LCB5	YLR260W	INPUT
LCD1	YDR499W	STRUCTURE
LCL1	YPL056C	NONE
LCL2	YLR104W	NONE
LCL3	YGL085W	NONE
LCP5	YER127W	STRUCTURE
LDB16	YCL005W	NONE
LDB17	YDL146W	NONE
LDB18	YLL049W	NONE
LDB19	YOR322C	NONE
LDB7	YBL006C	STRUCTURE
LDH1	YBR204C	NONE
LDM1	YER085C	NONE
LDO16	YMR148W	NONE
LDO45	YMR147W	NONE
LDS1	YAL018C	NONE
LDS2	YOL047C	NONE
LEA1	YPL213W	NONE
LEC1	YPR097W	NONE
LEE1	YPL054W	NONE
LEM3	YNL323W	NONE
LEO1	YOR123C	STRUCTURE
LEU1	YGL009C	NONE
LEU2	YCL018W	NONE
LEU3	YLR451W	NONE
LEU4	YNL104C	NONE
LEU5	YHR002W	INPUT
LEU9	YOR108W	NONE
LFT1	YML037C	NONE
LGE1	YPL055C	STRUCTURE
LHP1	YDL051W	NONE
LHS1	YKL073W	NONE
LIA1	YJR070C	NONE
LIF1	YGL090W	STRUCTURE
LIH1	YJR107W	NONE
LIN1	YHR156C	NONE
LIP1	YMR298W	NONE
LIP2	YLR239C	NONE
LIP5	YOR196C	NONE
LLP1	YJR112W-A	NONE
LMO1	YLL007C	NONE
LNP1	YHR192W	NONE
LOA1	YPR139C	NONE
LOC1	YFR001W	STRUCTURE
LOG1	YJL055W	NONE
LOH1	YJL038C	NONE
LOS1	YKL205W	NONE
LOT5	YKL183W	NONE
LOT6	YLR011W	INPUT
LPD1	YFL018C	NONE
LPL1	YOR059C	NONE
LPP1	YDR503C	NONE
LPX1	YOR084W	NONE
LPX2	YKL050C	NONE
LRE1	YCL051W	NONE
LRG1	YDL240W	INPUT
LRO1	YNR008W	NONE
LRP1	YHR081W	NONE
LRS4	YDR439W	NONE
LSB1	YGR136W	NONE
LSB3	YFR024C-A	NONE
LSB5	YCL034W	NONE
LSB6	YJL100W	NONE
LSC1	YOR142W	NONE
LSC2	YGR244C	NONE
LSG1	YGL099W	STRUCTURE
LSM1	YJL124C	NONE
LSM12	YHR121W	NONE
LSM2	YBL026W	NONE
LSM3	YLR438C-A	NONE
LSM4	YER112W	NONE
LSM5	YER146W	NONE
LSM6	YDR378C	NONE
LSM7	YNL147W	NONE
LSM8	YJR022W	NONE
LSO1	YJR005C-A	NONE
LSO2	YGR169C-A	NONE
LSP1	YPL004C	INPUT
LSR1	YNCB0019C	NONE
LST4	YKL176C	INPUT
LST7	YGR057C	NONE
LST8	YNL006W	INPUT
LTE1	YAL024C	BOTH
LTO1	YNL260C	NONE
LTP1	YPR073C	NONE
LTV1	YKL143W	BOTH
LUC7	YDL087C	NONE
LUG1	YLR352W	NONE
LYP1	YNL268W	INPUT
LYS1	YIR034C	NONE
LYS12	YIL094C	NONE
LYS14	YDR034C	NONE
LYS2	YBR115C	NONE
LYS20	YDL182W	STRUCTURE
LYS21	YDL131W	NONE
LYS4	YDR234W	NONE
LYS5	YGL154C	NONE
LYS9	YNR050C	NONE
MAC1	YMR021C	NONE
MAD1	YGL086W	STRUCTURE
MAD2	YJL030W	STRUCTURE
MAD3	YJL013C	STRUCTURE
MAE1	YKL029C	NONE
MAF1	YDR005C	NONE
MAG1	YER142C	STRUCTURE
MAG2	YLR427W	NONE
MAK10	YEL053C	NONE
MAK11	YKL021C	STRUCTURE
MAK16	YAL025C	STRUCTURE
MAK21	YDR060W	STRUCTURE
MAK3	YPR051W	NONE
MAK31	YCR020C-A	NONE
MAK32	YCR019W	NONE
MAK5	YBR142W	STRUCTURE
MAL11	YGR289C	INPUT
MAL12	YGR292W	NONE
MAL13	YGR288W	NONE
MAL21		NONE
MAL22		NONE
MAL23		NONE
MAL31	YBR298C	INPUT
MAL32	YBR299W	NONE
MAL33	YBR297W	NONE
MAL41		NONE
MAL42		NONE
MAL43		NONE
MAL61		NONE
MAL62		NONE
MAL63		NONE
MAM1	YER106W	NONE
MAM3	YOL060C	BOTH
MAM33	YIL070C	NONE
MAN2	YNR073C	NONE
MAP1	YLR244C	NONE
MAP2	YBL091C	NONE
MAS1	YLR163C	NONE
MAS2	YHR024C	NONE
MATA1		NONE
MATA2		NONE
MATALPHA1	YCR040W	NONE
MATALPHA2	YCR039C	NONE
MAY24	YPR153W	NONE
MBA1	YBR185C	NONE
MBB1	YJL199C	NONE
MBF1	YOR298C-A	NONE
MBP1	YDL056W	STRUCTURE
MBR1	YKL093W	NONE
MCA1	YOR197W	NONE
MCD1	YDL003W	STRUCTURE
MCD4	YKL165C	STRUCTURE
MCH1	YDL054C	INPUT
MCH2	YKL221W	INPUT
MCH4	YOL119C	INPUT
MCH5	YOR306C	INPUT
MCK1	YNL307C	INPUT
MCM1	YMR043W	STRUCTURE
MCM10	YIL150C	STRUCTURE
MCM16	YPR046W	STRUCTURE
MCM2	YBL023C	STRUCTURE
MCM21	YDR318W	STRUCTURE
MCM22	YJR135C	STRUCTURE
MCM3	YEL032W	STRUCTURE
MCM4	YPR019W	STRUCTURE
MCM5	YLR274W	STRUCTURE
MCM6	YGL201C	STRUCTURE
MCM7	YBR202W	STRUCTURE
MCO10	YOR020W-A	NONE
MCO12	YKL018C-A	NONE
MCO14	YHL018W	NONE
MCO32	YGR053C	NONE
MCO6	YJL127C-B	NONE
MCP1	YOR228C	STRUCTURE
MCR1	YKL150W	INPUT
MCT1	YOR221C	NONE
MCX1	YBR227C	NONE
MCY1	YGR012W	NONE
MDE1	YJR024C	NONE
MDG1	YNL173C	INPUT
MDH1	YKL085W	NONE
MDH2	YOL126C	NONE
MDH3	YDL078C	NONE
MDJ1	YFL016C	BOTH
MDJ2	YNL328C	NONE
MDL1	YLR188W	INPUT
MDL2	YPL270W	INPUT
MDM1	YML104C	NONE
MDM10	YAL010C	STRUCTURE
MDM12	YOL009C	STRUCTURE
MDM20	YOL076W	NONE
MDM30	YLR368W	STRUCTURE
MDM31	YHR194W	STRUCTURE
MDM32	YOR147W	STRUCTURE
MDM34	YGL219C	STRUCTURE
MDM35	YKL053C-A	STRUCTURE
MDM36	YPR083W	STRUCTURE
MDM38	YOL027C	INPUT
MDR1	YGR100W	NONE
MDS3	YGL197W	INPUT
MDV1	YJL112W	NONE
MDY2	YOL111C	NONE
MEC1	YBR136W	STRUCTURE
MEC3	YLR288C	STRUCTURE
MED1	YPR070W	NONE
MED11	YMR112C	NONE
MED2	YDL005C	NONE
MED4	YOR174W	NONE
MED6	YHR058C	NONE
MED7	YOL135C	NONE
MED8	YBR193C	NONE
MEF1	YLR069C	NONE
MEF2	YJL102W	NONE
MEH1	YKR007W	INPUT
MEI4	YER044C-A	NONE
MEI5	YPL121C	STRUCTURE
MEK1	YOR351C	INPUT
MEL1		NONE
MEL10		NONE
MEL2		NONE
MEL3		NONE
MEL4		NONE
MEL5		NONE
MEL6		NONE
MEL7		NONE
MEL8		NONE
MEL9		NONE
MEO1	YBR126W-A	NONE
MEP1	YGR121C	NONE
MEP2	YNL142W	NONE
MEP3	YPR138C	NONE
MER1	YNL210W	NONE
MES1	YGR264C	NONE
MET1	YKR069W	NONE
MET10	YFR030W	NONE
MET12	YPL023C	NONE
MET13	YGL125W	NONE
MET14	YKL001C	NONE
MET16	YPR167C	NONE
MET17	YLR303W	NONE
MET18	YIL128W	STRUCTURE
MET2	YNL277W	NONE
MET22	YOL064C	NONE
MET28	YIR017C	NONE
MET3	YJR010W	NONE
MET30	YIL046W	STRUCTURE
MET31	YPL038W	NONE
MET32	YDR253C	STRUCTURE
MET4	YNL103W	NONE
MET5	YJR137C	NONE
MET6	YER091C	NONE
MET7	YOR241W	NONE
MET8	YBR213W	NONE
MEU1	YLR017W	NONE
MEX67	YPL169C	INPUT
MF(ALPHA)1	YPL187W	NONE
MF(ALPHA)2	YGL089C	NONE
MFA1	YDR461W	NONE
MFA2	YNL145W	NONE
MFB1	YDR219C	STRUCTURE
MFG1	YDL233W	NONE
MFM1	YPL060W	INPUT
MFT1	YML062C	NONE
MGA1	YGR249W	NONE
MGA2	YIR033W	NONE
MGE1	YOR232W	STRUCTURE
MGL2	YMR210W	NONE
MGM1	YOR211C	STRUCTURE
MGM101	YJR144W	STRUCTURE
MGP12	YDR286C	NONE
MGR1	YCL044C	NONE
MGR2	YPL098C	NONE
MGR3	YMR115W	NONE
MGS1	YNL218W	STRUCTURE
MGT1	YDL200C	STRUCTURE
MHF1	YOL086W-A	STRUCTURE
MHF2	YDL160C-A	STRUCTURE
MHO1	YJR008W	NONE
MHP1	YJL042W	NONE
MHR1	YDR296W	INPUT
MHT1	YLL062C	NONE
MIA40	YKL195W	STRUCTURE
MIC10	YCL057C-A	NONE
MIC12	YBR262C	NONE
MIC19	YFR011C	NONE
MIC26	YGR235C	NONE
MIC27	YNL100W	NONE
MIC60	YKR016W	NONE
MID1	YNL291C	INPUT
MID2	YLR332W	INPUT
MIF2	YKL089W	STRUCTURE
MIG1	YGL035C	NONE
MIG2	YGL209W	NONE
MIG3	YER028C	NONE
MIH1	YMR036C	STRUCTURE
MIL1	YFL034W	NONE
MIM1	YOL026C	NONE
MIM2	YLR099W-A	NONE
MIN10	YFR032C-B	NONE
MIN3	YMR182W-A	NONE
MIN4	YML007C-A	NONE
MIN6	YBL039W-B	NONE
MIN7	YBR201C-A	NONE
MIN9	YKL023C-A	NONE
MIP1	YOR330C	STRUCTURE
MIP6	YHR015W	NONE
MIR1	YJR077C	INPUT
MIS1	YBR084W	NONE
MIT1	YEL007W	NONE
MIX14	YDR031W	NONE
MIX17	YMR002W	STRUCTURE
MIX23	YBL107C	NONE
MIY2	YPL191C	NONE
MIY3	YGL082W	NONE
MKC7	YDR144C	NONE
MKK1	YOR231W	INPUT
MKK2	YPL140C	INPUT
MKS1	YNL076W	NONE
MKT1	YNL085W	NONE
MLC1	YGL106W	STRUCTURE
MLC2	YPR188C	STRUCTURE
MLF3	YNL074C	NONE
MLG1	YDR018C	NONE
MLH1	YMR167W	STRUCTURE
MLH2	YLR035C	STRUCTURE
MLH3	YPL164C	STRUCTURE
MLO1	YMR252C	NONE
MLO127	YJR039W	NONE
MLO50	YLR049C	NONE
MLP1	YKR095W	STRUCTURE
MLP2	YIL149C	NONE
MLS1	YNL117W	NONE
MME1	YMR166C	INPUT
MMF1	YIL051C	NONE
MMM1	YLL006W	STRUCTURE
MMO1	YKL044W	NONE
MMP1	YLL061W	INPUT
MMR1	YLR190W	STRUCTURE
MMS1	YPR164W	STRUCTURE
MMS2	YGL087C	NONE
MMS21	YEL019C	STRUCTURE
MMS22	YLR320W	STRUCTURE
MMS4	YBR098W	STRUCTURE
MMT1	YMR177W	INPUT
MMT2	YPL224C	INPUT
MNC1	YBR056W-A	NONE
MND1	YGL183C	NONE
MND2	YIR025W	STRUCTURE
MNE1	YOR350C	NONE
MNL1	YHR204W	NONE
MNL2	YLR057W	NONE
MNN1	YER001W	NONE
MNN10	YDR245W	NONE
MNN11	YJL183W	NONE
MNN14	YJR061W	NONE
MNN2	YBR015C	NONE
MNN4	YKL201C	NONE
MNN5	YJL186W	NONE
MNN9	YPL050C	NONE
MNP1	YGL068W	NONE
MNR2	YKL064W	INPUT
MNS1	YJR131W	NONE
MNT2	YGL257C	NONE
MNT3	YIL014W	NONE
MNT4	YNR059W	NONE
MOB1	YIL106W	BOTH
MOB2	YFL034C-B	BOTH
MOD5	YOR274W	NONE
MOG1	YJR074W	NONE
MOH1	YBL049W	NONE
MON1	YGL124C	NONE
MON2	YNL297C	NONE
MOR1	YDR366C	NONE
MOT1	YPL082C	NONE
MOT2	YER068W	NONE
MOT3	YMR070W	INPUT
MPA43	YNL249C	NONE
MPC1	YGL080W	NONE
MPC2	YHR162W	NONE
MPC3	YGR243W	NONE
MPC54	YOR177C	STRUCTURE
MPD1	YOR288C	STRUCTURE
MPD2	YOL088C	STRUCTURE
MPE1	YKL059C	NONE
MPF1	YNL144C	NONE
MPH1	YIR002C	STRUCTURE
MPH2	YDL247W	INPUT
MPH3	YJR160C	INPUT
MPM1	YJL066C	NONE
MPO1	YGL010W	NONE
MPP10	YJR002W	STRUCTURE
MPP6	YNR024W	NONE
MPR1		NONE
MPS1	YDL028C	BOTH
MPS2	YGL075C	NONE
MPS3	YJL019W	NONE
MPT5	YGL178W	NONE
MRA1	YPR010C-A	NONE
MRC1	YCL061C	BOTH
MRD1	YPR112C	NONE
MRE11	YMR224C	STRUCTURE
MRF1	YGL143C	NONE
MRH1	YDR033W	NONE
MRH4	YGL064C	NONE
MRI1	YPR118W	NONE
MRK1	YDL079C	INPUT
MRL1	YPR079W	NONE
MRM1	YOR201C	NONE
MRM2	YGL136C	NONE
MRN1	YPL184C	NONE
MRP1	YDR347W	NONE
MRP10	YDL045W-A	NONE
MRP13	YGR084C	NONE
MRP17	YKL003C	NONE
MRP2	YPR166C	NONE
MRP20	YDR405W	NONE
MRP21	YBL090W	NONE
MRP35	YNL122C	NONE
MRP4	YHL004W	NONE
MRP49	YKL167C	NONE
MRP51	YPL118W	NONE
MRP7	YNL005C	NONE
MRP8	YKL142W	NONE
MRPL1	YDR116C	NONE
MRPL10	YNL284C	NONE
MRPL11	YDL202W	NONE
MRPL13	YKR006C	NONE
MRPL15	YLR312W-A	NONE
MRPL16	YBL038W	NONE
MRPL17	YNL252C	NONE
MRPL19	YNL185C	NONE
MRPL20	YKR085C	NONE
MRPL22	YNL177C	NONE
MRPL23	YOR150W	NONE
MRPL24	YMR193W	NONE
MRPL25	YGR076C	NONE
MRPL27	YBR282W	NONE
MRPL28	YDR462W	NONE
MRPL3	YMR024W	NONE
MRPL31	YKL138C	NONE
MRPL32	YCR003W	NONE
MRPL33	YMR286W	NONE
MRPL35	YDR322W	NONE
MRPL36	YBR122C	NONE
MRPL37	YBR268W	NONE
MRPL38	YKL170W	NONE
MRPL39	YML009C	NONE
MRPL4	YLR439W	NONE
MRPL40	YPL173W	NONE
MRPL44	YMR225C	NONE
MRPL49	YJL096W	NONE
MRPL50	YNR022C	NONE
MRPL51	YPR100W	NONE
MRPL6	YHR147C	NONE
MRPL7	YDR237W	NONE
MRPL8	YJL063C	NONE
MRPL9	YGR220C	NONE
MRPS12	YNR036C	NONE
MRPS16	YPL013C	NONE
MRPS17	YMR188C	NONE
MRPS18	YNL306W	NONE
MRPS28	YDR337W	NONE
MRPS35	YGR165W	NONE
MRPS5	YBR251W	NONE
MRPS8	YMR158W	NONE
MRPS9	YBR146W	NONE
MRS1	YIR021W	NONE
MRS2	YOR334W	INPUT
MRS3	YJL133W	NONE
MRS4	YKR052C	INPUT
MRS6	YOR370C	INPUT
MRT4	YKL009W	STRUCTURE
MRX1	YER077C	NONE
MRX10	YDR282C	NONE
MRX11	YPL041C	NONE
MRX12	YJR003C	NONE
MRX14	YDR115W	NONE
MRX15	YNR040W	NONE
MRX16	YDR132C	NONE
MRX18	YBR056W	NONE
MRX19	YDL183C	INPUT
MRX20	YFR045W	INPUT
MRX21	YPR011C	INPUT
MRX3	YBL095W	NONE
MRX4	YPL168W	NONE
MRX6	YNL295W	NONE
MRX7	YNL211C	NONE
MRX8	YDR336W	NONE
MRX9	YDL027C	NONE
MSA1	YOR066W	STRUCTURE
MSA2	YKR077W	STRUCTURE
MSB1	YOR188W	NONE
MSB2	YGR014W	INPUT
MSB3	YNL293W	NONE
MSB4	YOL112W	NONE
MSC1	YML128C	NONE
MSC2	YDR205W	INPUT
MSC3	YLR219W	NONE
MSC6	YOR354C	NONE
MSC7	YHR039C	NONE
MSD1	YPL104W	NONE
MSE1	YOL033W	NONE
MSF1	YPR047W	NONE
MSG5	YNL053W	NONE
MSH1	YHR120W	STRUCTURE
MSH2	YOL090W	STRUCTURE
MSH3	YCR092C	STRUCTURE
MSH4	YFL003C	NONE
MSH5	YDL154W	STRUCTURE
MSH6	YDR097C	STRUCTURE
MSI1	YBR195C	STRUCTURE
MSK1	YNL073W	NONE
MSL1	YIR009W	NONE
MSL5	YLR116W	NONE
MSM1	YGR171C	NONE
MSN1	YOL116W	NONE
MSN2	YMR037C	NONE
MSN4	YKL062W	NONE
MSN5	YDR335W	NONE
MSO1	YNR049C	NONE
MSP1	YGR028W	NONE
MSR1	YHR091C	NONE
MSS1	YMR023C	NONE
MSS11	YMR164C	NONE
MSS116	YDR194C	NONE
MSS18	YPR134W	NONE
MSS2	YDL107W	NONE
MSS4	YDR208W	NONE
MSS51	YLR203C	NONE
MST1	YKL194C	NONE
MST27	YGL051W	NONE
MST28	YAR033W	NONE
MSW1	YDR268W	NONE
MSY1	YPL097W	NONE
MTC1	YJL123C	NONE
MTC2	YKL098W	NONE
MTC3	YGL226W	NONE
MTC4	YBR255W	NONE
MTC5	YDR128W	NONE
MTC6	YHR151C	NONE
MTC7	YEL033W	NONE
MTD1	YKR080W	NONE
MTE1	YGR042W	NONE
MTF1	YMR228W	NONE
MTF2	YDL044C	NONE
MTG1	YMR097C	STRUCTURE
MTG2	YHR168W	NONE
MTH1	YDR277C	INPUT
MTL1	YGR023W	INPUT
MTM1	YGR257C	NONE
MTO1	YGL236C	NONE
MTQ1	YNL063W	NONE
MTQ2	YDR140W	STRUCTURE
MTR10	YOR160W	NONE
MTR2	YKL186C	NONE
MTR3	YGR158C	NONE
MTR4	YJL050W	NONE
MTW1	YAL034W-A	STRUCTURE
MUB1	YMR100W	NONE
MUD1	YBR119W	NONE
MUD2	YKL074C	NONE
MUK1	YPL070W	NONE
MUM2	YBR057C	NONE
MUM3	YOR298W	NONE
MUP1	YGR055W	INPUT
MUP3	YHL036W	INPUT
MUS81	YDR386W	STRUCTURE
MVB12	YGR206W	NONE
MVD1	YNR043W	NONE
MVP1	YMR004W	NONE
MXR1	YER042W	INPUT
MXR2	YCL033C	INPUT
MYG1	YER156C	NONE
MYO1	YHR023W	STRUCTURE
MYO2	YOR326W	STRUCTURE
MYO3	YKL129C	INPUT
MYO4	YAL029C	NONE
MYO5	YMR109W	INPUT
MZM1	YDR493W	STRUCTURE
NAB2	YGL122C	NONE
NAB3	YPL190C	NONE
NAB6	YML117W	NONE
NAF1	YNL124W	STRUCTURE
NAG1	YGR031C-A	STRUCTURE
NAM2	YLR382C	NONE
NAM7	YMR080C	NONE
NAM8	YHR086W	NONE
NAM9	YNL137C	STRUCTURE
NAN1	YPL126W	STRUCTURE
NAP1	YKR048C	STRUCTURE
NAR1	YNL240C	NONE
NAS2	YIL007C	STRUCTURE
NAS6	YGR232W	STRUCTURE
NAT1	YDL040C	NONE
NAT2	YGR147C	NONE
NAT3	YPR131C	NONE
NAT4	YMR069W	NONE
NAT5	YOR253W	NONE
NBA1	YOL070C	NONE
NBL1	YHR199C-A	STRUCTURE
NBP1	YLR457C	NONE
NBP2	YDR162C	NONE
NBP35	YGL091C	NONE
NCA2	YPR155C	NONE
NCA3	YJL116C	NONE
NCB2	YDR397C	NONE
NCE101	YJL205C	NONE
NCE102	YPR149W	NONE
NCE103	YNL036W	INPUT
NCL1	YBL024W	NONE
NCP1	YHR042W	NONE
NCR1	YPL006W	INPUT
NCS2	YNL119W	NONE
NCS6	YGL211W	NONE
NCW1	YMR122W-A	NONE
NCW2	YLR194C	STRUCTURE
NDC1	YML031W	NONE
NDC80	YIL144W	STRUCTURE
NDD1	YOR372C	STRUCTURE
NDE1	YMR145C	NONE
NDE2	YDL085W	NONE
NDI1	YML120C	NONE
NDJ1	YOL104C	NONE
NDL1	YLR254C	STRUCTURE
NDT80	YHR124W	STRUCTURE
NEJ1	YLR265C	STRUCTURE
NEL1	YHR035W	NONE
NEM1	YHR004C	NONE
NEO1	YIL048W	NONE
NET1	YJL076W	STRUCTURE
NEW1	YPL226W	STRUCTURE
NFG1	YLR042C	NONE
NFI1	YOR156C	STRUCTURE
NFS1	YCL017C	NONE
NFT1	YKR103W	INPUT
NFU1	YKL040C	NONE
NGG1	YDR176W	STRUCTURE
NGK1	YLR446W	NONE
NGL1	YOL042W	NONE
NGL2	YMR285C	NONE
NGL3	YML118W	NONE
NGR1	YBR212W	STRUCTURE
NHA1	YLR138W	INPUT
NHP10	YDL002C	NONE
NHP2	YDL208W	STRUCTURE
NHP6A	YPR052C	STRUCTURE
NHP6B	YBR089C-A	STRUCTURE
NHX1	YDR456W	INPUT
NIC96	YFR002W	NONE
NIF3	YGL221C	NONE
NIP1	YMR309C	NONE
NIP100	YPL174C	NONE
NIP7	YPL211W	STRUCTURE
NIS1	YNL078W	NONE
NIT1	YIL164C	NONE
NIT2	YJL126W	NONE
NIT3	YLR351C	NONE
NKP1	YDR383C	STRUCTURE
NKP2	YLR315W	STRUCTURE
NMA1	YLR328W	NONE
NMA111	YNL123W	NONE
NMA2	YGR010W	NONE
NMD2	YHR077C	NONE
NMD3	YHR170W	NONE
NMD4	YLR363C	NONE
NMD5	YJR132W	NONE
NME1	YNCN0013W	NONE
NMT1	YLR195C	NONE
NNF1	YJR112W	STRUCTURE
NNF2	YGR089W	NONE
NNK1	YKL171W	NONE
NNR1	YNL200C	NONE
NNR2	YKL151C	NONE
NNT1	YLR285W	NONE
NOB1	YOR056C	STRUCTURE
NOC2	YOR206W	STRUCTURE
NOC3	YLR002C	STRUCTURE
NOC4	YPR144C	STRUCTURE
NOG1	YPL093W	STRUCTURE
NOG2	YNR053C	STRUCTURE
NOP1	YDL014W	STRUCTURE
NOP10	YHR072W-A	STRUCTURE
NOP12	YOL041C	STRUCTURE
NOP13	YNL175C	NONE
NOP14	YDL148C	STRUCTURE
NOP15	YNL110C	STRUCTURE
NOP16	YER002W	STRUCTURE
NOP19	YGR251W	STRUCTURE
NOP2	YNL061W	STRUCTURE
NOP4	YPL043W	STRUCTURE
NOP53	YPL146C	STRUCTURE
NOP56	YLR197W	STRUCTURE
NOP58	YOR310C	STRUCTURE
NOP6	YDL213C	STRUCTURE
NOP7	YGR103W	STRUCTURE
NOP8	YOL144W	STRUCTURE
NOP9	YJL010C	STRUCTURE
NOT3	YIL038C	NONE
NOT5	YPR072W	NONE
NPA3	YJR072C	NONE
NPC2	YDL046W	NONE
NPL3	YDR432W	STRUCTURE
NPL4	YBR170C	STRUCTURE
NPL6	YMR091C	STRUCTURE
NPP1	YCR026C	NONE
NPP2	YEL016C	NONE
NPR1	YNL183C	NONE
NPR2	YEL062W	NONE
NPR3	YHL023C	NONE
NPT1	YOR209C	NONE
NPY1	YGL067W	NONE
NQM1	YGR043C	INPUT
NRD1	YNL251C	NONE
NRE1	YIR035C	NONE
NRG1	YDR043C	NONE
NRG2	YBR066C	NONE
NRK1	YNL129W	NONE
NRM1	YNR009W	STRUCTURE
NRP1	YDL167C	NONE
NRS1	YLR053C	NONE
NRT1	YOR071C	INPUT
NSA1	YGL111W	STRUCTURE
NSA2	YER126C	STRUCTURE
NSE1	YLR007W	STRUCTURE
NSE3	YDR288W	STRUCTURE
NSE4	YDL105W	STRUCTURE
NSE5	YML023C	STRUCTURE
NSG1	YHR133C	NONE
NSG2	YNL156C	NONE
NSI1	YDR026C	NONE
NSL1	YPL233W	STRUCTURE
NSP1	YJL041W	NONE
NSR1	YGR159C	NONE
NST1	YNL091W	NONE
NTA1	YJR062C	NONE
NTC20	YBR188C	NONE
NTE1	YML059C	NONE
NTF2	YER009W	NONE
NTG1	YAL015C	BOTH
NTG2	YOL043C	STRUCTURE
NTH1	YDR001C	NONE
NTH2	YBR001C	NONE
NTO1	YPR031W	NONE
NTR2	YKR022C	NONE
NUC1	YJL208C	NONE
NUD1	YOR373W	STRUCTURE
NUF2	YOL069W	STRUCTURE
NUG1	YER006W	STRUCTURE
NUM1	YDR150W	NONE
NUP1	YOR098C	NONE
NUP100	YKL068W	NONE
NUP116	YMR047C	NONE
NUP120	YKL057C	NONE
NUP133	YKR082W	NONE
NUP145	YGL092W	NONE
NUP157	YER105C	NONE
NUP159	YIL115C	NONE
NUP170	YBL079W	STRUCTURE
NUP188	YML103C	NONE
NUP192	YJL039C	NONE
NUP2	YLR335W	NONE
NUP42	YDR192C	NONE
NUP49	YGL172W	NONE
NUP53	YMR153W	STRUCTURE
NUP57	YGR119C	NONE
NUP60	YAR002W	NONE
NUP82	YJL061W	NONE
NUP84	YDL116W	NONE
NUP85	YJR042W	NONE
NUR1	YDL089W	NONE
NUS1	YDL193W	NONE
NUT1	YGL151W	NONE
NUT2	YPR168W	NONE
NVJ1	YHR195W	NONE
NVJ2	YPR091C	NONE
NVJ3	YDR179W-A	NONE
NYV1	YLR093C	NONE
OAC1	YKL120W	INPUT
OAF1	YAL051W	NONE
OAF3	YKR064W	NONE
OAR1	YKL055C	NONE
OAZ1	YPL052W	NONE
OCA1	YNL099C	INPUT
OCA2	YNL056W	NONE
OCA4	YCR095C	NONE
OCA5	YHL029C	NONE
OCA6	YDR067C	NONE
OCH1	YGL038C	NONE
OCT1	YKL134C	NONE
ODC1	YPL134C	INPUT
ODC2	YOR222W	INPUT
OGG1	YML060W	STRUCTURE
OKP1	YGR179C	STRUCTURE
OLA1	YBR025C	NONE
OLE1	YGL055W	NONE
OLI1		INPUT
OM14	YBR230C	NONE
OM45	YIL136W	NONE
OMA1	YKR087C	INPUT
OMS1	YDR316W	NONE
OPI1	YHL020C	NONE
OPI10	YOL032W	NONE
OPI3	YJR073C	NONE
OPT1	YJL212C	INPUT
OPT2	YPR194C	INPUT
OPY1	YBR129C	NONE
OPY2	YPR075C	NONE
ORA1	YMR226C	NONE
ORC1	YML065W	STRUCTURE
ORC2	YBR060C	STRUCTURE
ORC3	YLL004W	STRUCTURE
ORC4	YPR162C	STRUCTURE
ORC5	YNL261W	STRUCTURE
ORC6	YHR118C	STRUCTURE
ORM1	YGR038W	NONE
ORM2	YLR350W	NONE
ORT1	YOR130C	NONE
OSH2	YDL019C	NONE
OSH3	YHR073W	NONE
OSH6	YKR003W	NONE
OSH7	YHR001W	NONE
OSI1	YKL071W	NONE
OSM1	YJR051W	NONE
OST1	YJL002C	NONE
OST2	YOR103C	NONE
OST3	YOR085W	NONE
OST4	YDL232W	NONE
OST5	YGL226C-A	NONE
OST6	YML019W	NONE
OSW1	YOR255W	NONE
OSW2	YLR054C	NONE
OSW7	YFR039C	NONE
OTO1	YGR227C-A	NONE
OTU1	YFL044C	NONE
OTU2	YHL013C	NONE
OXA1	YER154W	NONE
OXP1	YKL215C	NONE
OXR1	YPL196W	NONE
OYE2	YHR179W	NONE
OYE3	YPL171C	NONE
PAA1	YDR071C	STRUCTURE
PAB1	YER165W	NONE
PAC1	YOR269W	STRUCTURE
PAC10	YGR078C	STRUCTURE
PAC11	YDR488C	NONE
PAC2	YER007W	STRUCTURE
PAD1	YDR538W	NONE
PAF1	YBR279W	STRUCTURE
PAH1	YMR165C	NONE
PAI3	YMR174C	NONE
PAL1	YDR348C	NONE
PAL2	YHR097C	NONE
PAM1	YDR251W	NONE
PAM16	YJL104W	NONE
PAM17	YKR065C	NONE
PAM18	YLR008C	NONE
PAN1	YIR006C	NONE
PAN2	YGL094C	NONE
PAN3	YKL025C	STRUCTURE
PAN5	YHR063C	NONE
PAN6	YIL145C	NONE
PAP1	YKR002W	NONE
PAP2	YOL115W	STRUCTURE
PAR32	YDL173W	NONE
PAT1	YCR077C	STRUCTURE
PAU1	YJL223C	NONE
PAU10	YDR542W	NONE
PAU11	YGL261C	NONE
PAU12	YGR294W	NONE
PAU13	YHL046C	NONE
PAU14	YIL176C	NONE
PAU15	YIR041W	NONE
PAU16	YKL224C	NONE
PAU17	YLL025W	NONE
PAU18	YLL064C	NONE
PAU19	YMR325W	NONE
PAU2	YEL049W	NONE
PAU20	YOL161C	NONE
PAU21	YOR394W	NONE
PAU22	YPL282C	NONE
PAU23	YLR037C	STRUCTURE
PAU24	YBR301W	STRUCTURE
PAU3	YCR104W	NONE
PAU4	YLR461W	NONE
PAU5	YFL020C	NONE
PAU6	YNR076W	NONE
PAU7	YAR020C	NONE
PAU8	YAL068C	NONE
PAU9	YBL108C-A	NONE
PBA1	YLR199C	NONE
PBI1	YPL272C	NONE
PBI2	YNL015W	NONE
PBN1	YCL052C	NONE
PBP1	YGR178C	NONE
PBP2	YBR233W	NONE
PBP4	YDL053C	NONE
PBR1	YNL181W	NONE
PBS2	YJL128C	INPUT
PBY1	YBR094W	NONE
PCA1	YBR295W	INPUT
PCC1	YKR095W-A	NONE
PCD1	YLR151C	STRUCTURE
PCF11	YDR228C	NONE
PCH2	YBR186W	NONE
PCI8	YIL071C	NONE
PCK1	YKR097W	NONE
PCL1	YNL289W	STRUCTURE
PCL10	YGL134W	NONE
PCL2	YDL127W	STRUCTURE
PCL5	YHR071W	STRUCTURE
PCL6	YER059W	NONE
PCL7	YIL050W	STRUCTURE
PCL8	YPL219W	NONE
PCL9	YDL179W	STRUCTURE
PCM1	YEL058W	STRUCTURE
PCP1	YGR101W	NONE
PCS60	YBR222C	NONE
PCT1	YGR202C	NONE
PDA1	YER178W	NONE
PDB1	YBR221C	NONE
PDC1	YLR044C	NONE
PDC2	YDR081C	NONE
PDC5	YLR134W	NONE
PDC6	YGR087C	NONE
PDE1	YGL248W	NONE
PDE2	YOR360C	INPUT
PDH1	YPR002W	NONE
PDI1	YCL043C	STRUCTURE
PDL32	YMR087W	NONE
PDP3	YLR455W	NONE
PDR1	YGL013C	NONE
PDR10	YOR328W	INPUT
PDR11	YIL013C	INPUT
PDR12	YPL058C	INPUT
PDR15	YDR406W	INPUT
PDR16	YNL231C	NONE
PDR17	YNL264C	NONE
PDR18	YNR070W	INPUT
PDR3	YBL005W	NONE
PDR5	YOR153W	INPUT
PDR8	YLR266C	NONE
PDS1	YDR113C	STRUCTURE
PDS5	YMR076C	STRUCTURE
PDX1	YGR193C	NONE
PDX3	YBR035C	NONE
PEA2	YER149C	INPUT
PEF1	YGR058W	NONE
PEP1	YBL017C	NONE
PEP12	YOR036W	NONE
PEP3	YLR148W	NONE
PEP4	YPL154C	NONE
PEP5	YMR231W	NONE
PEP7	YDR323C	NONE
PEP8	YJL053W	NONE
PER1	YCR044C	NONE
PER33	YLR064W	NONE
PES4	YFR023W	NONE
PET100	YDR079W	NONE
PET111	YMR257C	NONE
PET112	YBL080C	NONE
PET117	YER058W	NONE
PET122	YER153C	NONE
PET123	YOR158W	NONE
PET127	YOR017W	NONE
PET130	YJL023C	NONE
PET18	YCR020C	NONE
PET191	YJR034W	NONE
PET20	YPL159C	NONE
PET309	YLR067C	STRUCTURE
PET494	YNR045W	NONE
PET54	YGR222W	NONE
PET8	YNL003C	NONE
PET9	YBL030C	INPUT
PEX1	YKL197C	NONE
PEX10	YDR265W	STRUCTURE
PEX11	YOL147C	NONE
PEX12	YMR026C	STRUCTURE
PEX13	YLR191W	NONE
PEX14	YGL153W	NONE
PEX15	YOL044W	NONE
PEX17	YNL214W	NONE
PEX18	YHR160C	NONE
PEX19	YDL065C	NONE
PEX2	YJL210W	NONE
PEX21	YGR239C	NONE
PEX22	YAL055W	NONE
PEX25	YPL112C	NONE
PEX27	YOR193W	NONE
PEX28	YHR150W	NONE
PEX29	YDR479C	NONE
PEX3	YDR329C	NONE
PEX30	YLR324W	NONE
PEX31	YGR004W	NONE
PEX32	YBR168W	NONE
PEX34	YCL056C	NONE
PEX35	YGR168C	NONE
PEX39	YJR012C	NONE
PEX4	YGR133W	NONE
PEX5	YDR244W	NONE
PEX6	YNL329C	NONE
PEX7	YDR142C	NONE
PEX8	YGR077C	NONE
PEX9	YMR018W	NONE
PFA3	YNL326C	NONE
PFA4	YOL003C	NONE
PFA5	YDR459C	NONE
PFD1	YJL179W	STRUCTURE
PFF1	YBR074W	NONE
PFK1	YGR240C	NONE
PFK2	YMR205C	NONE
PFK26	YIL107C	NONE
PFK27	YOL136C	NONE
PFS1	YHR185C	NONE
PFS2	YNL317W	NONE
PFU1	YDR306C	NONE
PFY1	YOR122C	NONE
PGA1	YNL158W	NONE
PGA2	YNL149C	NONE
PGA3	YML125C	NONE
PGC1	YPL206C	NONE
PGD1	YGL025C	NONE
PGI1	YBR196C	NONE
PGK1	YCR012W	NONE
PGM1	YKL127W	NONE
PGM2	YMR105C	NONE
PGS1	YCL004W	NONE
PGU1	YJR153W	STRUCTURE
PHA2	YNL316C	NONE
PHB1	YGR132C	STRUCTURE
PHB2	YGR231C	STRUCTURE
PHD1	YKL043W	NONE
PHM6	YDR281C	NONE
PHM7	YOL084W	INPUT
PHM8	YER037W	NONE
PHO11	YAR071W	NONE
PHO12	YHR215W	NONE
PHO13	YDL236W	NONE
PHO2	YDL106C	NONE
PHO23	YNL097C	STRUCTURE
PHO3	YBR092C	NONE
PHO4	YFR034C	NONE
PHO5	YBR093C	NONE
PHO8	YDR481C	NONE
PHO80	YOL001W	NONE
PHO81	YGR233C	NONE
PHO84	YML123C	INPUT
PHO85	YPL031C	STRUCTURE
PHO86	YJL117W	STRUCTURE
PHO87	YCR037C	INPUT
PHO89	YBR296C	INPUT
PHO90	YJL198W	INPUT
PHO91	YNR013C	INPUT
PHO92	YDR374C	NONE
PHR1	YOR386W	STRUCTURE
PHS1	YJL097W	NONE
PIB1	YDR313C	NONE
PIB2	YGL023C	INPUT
PIC2	YER053C	NONE
PIF1	YML061C	STRUCTURE
PIG1	YLR273C	NONE
PIG2	YIL045W	NONE
PIH1	YHR034C	STRUCTURE
PIK1	YNL267W	NONE
PIL1	YGR086C	NONE
PIM1	YBL022C	BOTH
PIN2	YOR104W	NONE
PIN3	YPR154W	NONE
PIN4	YBL051C	STRUCTURE
PIP2	YOR363C	NONE
PIR1	YKL164C	STRUCTURE
PIR3	YKL163W	STRUCTURE
PIR5	YJL160C	NONE
PIS1	YPR113W	NONE
PKC1	YBL105C	BOTH
PKH1	YDR490C	NONE
PKH2	YOL100W	NONE
PKH3	YDR466W	NONE
PKP1	YIL042C	NONE
PKP2	YGL059W	NONE
PKR1	YMR123W	NONE
PLB1	YMR008C	NONE
PLB2	YMR006C	NONE
PLB3	YOL011W	NONE
PLC1	YPL268W	INPUT
PLM2	YDR501W	NONE
PLN1	YKR046C	NONE
PLP1	YDR183W	STRUCTURE
PLP2	YOR281C	STRUCTURE
PLS1	YNL097C-B	NONE
PMA1	YGL008C	INPUT
PMA2	YPL036W	INPUT
PMC1	YGL006W	INPUT
PMD1	YER132C	NONE
PMI40	YER003C	NONE
PML1	YLR016C	NONE
PML39	YML107C	NONE
PMP1	YCR024C-A	NONE
PMP2	YEL017C-A	NONE
PMP3	YDR276C	INPUT
PMR1	YGL167C	INPUT
PMS1	YNL082W	STRUCTURE
PMT1	YDL095W	NONE
PMT2	YAL023C	NONE
PMT3	YOR321W	NONE
PMT4	YJR143C	NONE
PMT5	YDL093W	NONE
PMT6	YGR199W	NONE
PMT7	YDR307W	NONE
PMU1	YKL128C	NONE
PNC1	YGL037C	NONE
PNG1	YPL096W	NONE
PNO1	YOR145C	STRUCTURE
PNP1	YLR209C	NONE
PNS1	YOR161C	INPUT
PNT1	YOR266W	NONE
POA1	YBR022W	NONE
POB3	YML069W	STRUCTURE
POC4	YPL144W	NONE
POF1	YCL047C	NONE
POG1	YIL122W	STRUCTURE
POL1	YNL102W	STRUCTURE
POL12	YBL035C	STRUCTURE
POL2	YNL262W	STRUCTURE
POL3	YDL102W	STRUCTURE
POL30	YBR088C	STRUCTURE
POL31	YJR006W	STRUCTURE
POL32	YJR043C	STRUCTURE
POL4	YCR014C	STRUCTURE
POL5	YEL055C	NONE
POM152	YMR129W	NONE
POM33	YLL023C	NONE
POM34	YLR018C	NONE
POP1	YNL221C	NONE
POP2	YNR052C	NONE
POP3	YNL282W	NONE
POP4	YBR257W	NONE
POP5	YAL033W	NONE
POP6	YGR030C	NONE
POP7	YBR167C	NONE
POP8	YBL018C	NONE
POR1	YNL055C	BOTH
POR2	YIL114C	INPUT
POS5	YPL188W	INPUT
POT1	YIL160C	NONE
POX1	YGL205W	NONE
PPA2	YMR267W	NONE
PPE1	YHR075C	NONE
PPG1	YNR032W	NONE
PPH21	YDL134C	STRUCTURE
PPH22	YDL188C	STRUCTURE
PPH3	YDR075W	STRUCTURE
PPM1	YDR435C	NONE
PPM2	YOL141W	NONE
PPN1	YDR452W	NONE
PPN2	YNL217W	NONE
PPQ1	YPL179W	STRUCTURE
PPR1	YLR014C	NONE
PPS1	YBR276C	NONE
PPT1	YGR123C	NONE
PPT2	YPL148C	NONE
PPX1	YHR201C	NONE
PPZ1	YML016C	NONE
PPZ2	YDR436W	NONE
PRB1	YEL060C	NONE
PRC1	YMR297W	NONE
PRD1	YCL057W	NONE
PRE1	YER012W	STRUCTURE
PRE10	YOR362C	STRUCTURE
PRE2	YPR103W	STRUCTURE
PRE3	YJL001W	STRUCTURE
PRE4	YFR050C	STRUCTURE
PRE5	YMR314W	STRUCTURE
PRE6	YOL038W	STRUCTURE
PRE7	YBL041W	STRUCTURE
PRE8	YML092C	STRUCTURE
PRE9	YGR135W	STRUCTURE
PRI1	YIR008C	STRUCTURE
PRI2	YKL045W	STRUCTURE
PRK1	YIL095W	NONE
PRM1	YNL279W	NONE
PRM10	YJL108C	INPUT
PRM15	YMR278W	NONE
PRM2	YIL037C	NONE
PRM3	YPL192C	NONE
PRM4	YPL156C	NONE
PRM5	YIL117C	NONE
PRM6	YML047C	INPUT
PRM7	YDL039C	NONE
PRM8	YGL053W	NONE
PRM9	YAR031W	NONE
PRO1	YDR300C	NONE
PRO2	YOR323C	NONE
PRO3	YER023W	NONE
PRP11	YDL043C	NONE
PRP16	YKR086W	NONE
PRP18	YGR006W	NONE
PRP19	YLL036C	STRUCTURE
PRP2	YNR011C	NONE
PRP21	YJL203W	NONE
PRP22	YER013W	NONE
PRP24	YMR268C	NONE
PRP28	YDR243C	NONE
PRP3	YDR473C	NONE
PRP31	YGR091W	NONE
PRP38	YGR075C	NONE
PRP39	YML046W	NONE
PRP4	YPR178W	NONE
PRP40	YKL012W	NONE
PRP42	YDR235W	NONE
PRP43	YGL120C	STRUCTURE
PRP45	YAL032C	NONE
PRP46	YPL151C	NONE
PRP5	YBR237W	NONE
PRP6	YBR055C	NONE
PRP8	YHR165C	NONE
PRP9	YDL030W	NONE
PRR1	YKL116C	NONE
PRR2	YDL214C	NONE
PRS1	YKL181W	NONE
PRS2	YER099C	NONE
PRS3	YHL011C	NONE
PRS4	YBL068W	NONE
PRS5	YOL061W	NONE
PRT1	YOR361C	NONE
PRX1	YBL064C	INPUT
PRY1	YJL079C	NONE
PRY2	YKR013W	NONE
PRY3	YJL078C	NONE
PSA1	YDL055C	NONE
PSD1	YNL169C	NONE
PSD2	YGR170W	NONE
PSE1	YMR308C	NONE
PSF1	YDR013W	STRUCTURE
PSF2	YJL072C	STRUCTURE
PSF3	YOL146W	STRUCTURE
PSG1	YKL077W	NONE
PSH1	YOL054W	STRUCTURE
PSK1	YAL017W	NONE
PSK2	YOL045W	NONE
PSO2	YMR137C	STRUCTURE
PSP1	YDR505C	NONE
PSP2	YML017W	NONE
PSR1	YLL010C	NONE
PSR2	YLR019W	NONE
PST1	YDR055W	NONE
PST2	YDR032C	NONE
PSY2	YNL201C	NONE
PSY3	YLR376C	STRUCTURE
PSY4	YBL046W	NONE
PTA1	YAL043C	NONE
PTC1	YDL006W	INPUT
PTC2	YER089C	INPUT
PTC3	YBL056W	INPUT
PTC4	YBR125C	INPUT
PTC5	YOR090C	NONE
PTC6	YCR079W	INPUT
PTC7	YHR076W	NONE
PTH1	YHR189W	NONE
PTH2	YBL057C	NONE
PTH4	YOL114C	NONE
PTI1	YGR156W	NONE
PTK1	YKL198C	STRUCTURE
PTK2	YJR059W	STRUCTURE
PTM1	YKL039W	NONE
PTP1	YDL230W	INPUT
PTP2	YOR208W	INPUT
PTP3	YER075C	INPUT
PTR2	YKR093W	INPUT
PTR3	YFR029W	NONE
PUB1	YNL016W	NONE
PUF2	YPR042C	NONE
PUF3	YLL013C	STRUCTURE
PUF4	YGL014W	NONE
PUF6	YDR496C	STRUCTURE
PUG1	YER185W	NONE
PUL3	YNR062C	NONE
PUL4	YNR063W	NONE
PUN1	YLR414C	NONE
PUP1	YOR157C	STRUCTURE
PUP2	YGR253C	STRUCTURE
PUP3	YER094C	STRUCTURE
PUS1	YPL212C	NONE
PUS2	YGL063W	NONE
PUS4	YNL292W	NONE
PUS5	YLR165C	NONE
PUS6	YGR169C	NONE
PUS7	YOR243C	STRUCTURE
PUS9	YDL036C	NONE
PUT1	YLR142W	NONE
PUT2	YHR037W	NONE
PUT3	YKL015W	NONE
PUT4	YOR348C	INPUT
PUT7	YLR283W	NONE
PWP1	YLR196W	STRUCTURE
PWP2	YCR057C	STRUCTURE
PWR1	YNCI0013W	NONE
PXA1	YPL147W	INPUT
PXA2	YKL188C	INPUT
PXL1	YKR090W	NONE
PXP1	YEL020C	NONE
PXP2	YJR111C	NONE
PXP3	YHL045W	NONE
PXR1	YGR280C	STRUCTURE
PYC1	YGL062W	NONE
PYC2	YBR218C	NONE
PYK2	YOR347C	NONE
PYP1	YNL010W	NONE
PZF1	YPR186C	NONE
Q0255		NONE
QCR10	YHR001W-A	NONE
QCR2	YPR191W	NONE
QCR6	YFR033C	NONE
QCR7	YDR529C	NONE
QCR8	YJL166W	NONE
QCR9	YGR183C	NONE
QDR1	YIL120W	INPUT
QDR2	YIL121W	INPUT
QDR3	YBR043C	INPUT
QNS1	YHR074W	NONE
QRI1	YDL103C	NONE
QRI5	YLR204W	NONE
QRI7	YDL104C	NONE
RAD1	YPL022W	STRUCTURE
RAD10	YML095C	STRUCTURE
RAD14	YMR201C	STRUCTURE
RAD16	YBR114W	STRUCTURE
RAD17	YOR368W	STRUCTURE
RAD18	YCR066W	STRUCTURE
RAD2	YGR258C	STRUCTURE
RAD23	YEL037C	STRUCTURE
RAD24	YER173W	STRUCTURE
RAD26	YJR035W	STRUCTURE
RAD27	YKL113C	STRUCTURE
RAD28	YDR030C	STRUCTURE
RAD3	YER171W	STRUCTURE
RAD30	YDR419W	STRUCTURE
RAD33	YML011C	STRUCTURE
RAD34	YDR314C	STRUCTURE
RAD4	YER162C	STRUCTURE
RAD5	YLR032W	STRUCTURE
RAD50	YNL250W	STRUCTURE
RAD51	YER095W	STRUCTURE
RAD52	YML032C	STRUCTURE
RAD53	YPL153C	STRUCTURE
RAD54	YGL163C	STRUCTURE
RAD55	YDR076W	STRUCTURE
RAD57	YDR004W	STRUCTURE
RAD59	YDL059C	STRUCTURE
RAD6	YGL058W	STRUCTURE
RAD61	YDR014W	NONE
RAD7	YJR052W	STRUCTURE
RAD9	YDR217C	STRUCTURE
RAF1		NONE
RAI1	YGL246C	NONE
RAM1	YDL090C	NONE
RAM2	YKL019W	NONE
RAP1	YNL216W	NONE
RAS1	YOR101W	INPUT
RAS2	YNL098C	INPUT
RAT1	YOR048C	NONE
RAV1	YJR033C	NONE
RAV2	YDR202C	NONE
RAX1	YOR301W	STRUCTURE
RAX2	YLR084C	STRUCTURE
RBA50	YDR527W	NONE
RBD2	YPL246C	NONE
RBG1	YAL036C	NONE
RBG2	YGR173W	NONE
RBH1	YJL181W	NONE
RBH2	YJR030C	NONE
RBK1	YCR036W	NONE
RBL2	YOR265W	STRUCTURE
RBP95	YCR016W	STRUCTURE
RBS1	YDL189W	NONE
RCE1	YMR274C	NONE
RCF1	YML030W	NONE
RCF2	YNR018W	NONE
RCF3	YBR255C-A	NONE
RCH1	YMR034C	INPUT
RCI37	YIL077C	NONE
RCI50	YKL133C	NONE
RCK1	YGL158W	INPUT
RCK2	YLR248W	INPUT
RCL1	YOL010W	STRUCTURE
RCM1	YNL022C	NONE
RCN1	YKL159C	NONE
RCN2	YOR220W	NONE
RCO1	YMR075W	STRUCTURE
RCR1	YBR005W	STRUCTURE
RCR2	YDR003W	NONE
RCY1	YJL204C	NONE
RDH54	YBR073W	STRUCTURE
RDI1	YDL135C	NONE
RDL1	YOR285W	NONE
RDL2	YOR286W	NONE
RDN18-1	YNCL0016C	NONE
RDN18-2	YNCL0025C	NONE
RDN25-1	YNCL0012C	STRUCTURE
RDN25-2	YNCL0021C	STRUCTURE
RDN5-1	YNCL0018W	NONE
RDN5-2	YNCL0027W	NONE
RDN5-3	YNCL0028W	NONE
RDN5-4	YNCL0029W	NONE
RDN5-5	YNCL0030W	NONE
RDN5-6	YNCL0031W	NONE
RDN58-1	YNCL0014C	NONE
RDN58-2	YNCL0023C	NONE
RDR1	YOR380W	NONE
RDS1	YCR106W	NONE
RDS2	YPL133C	STRUCTURE
RDS3	YPR094W	NONE
RDT1	YCL054W-A	NONE
REA1	YLR106C	STRUCTURE
REB1	YBR049C	NONE
REC102	YLR329W	NONE
REC104	YHR157W	NONE
REC107	YJR021C	NONE
REC114	YMR133W	NONE
REC8	YPR007C	STRUCTURE
RED1	YLR263W	NONE
REE1	YJL217W	NONE
REF2	YDR195W	NONE
REG1	YDR028C	NONE
REG2	YBR050C	NONE
REH1	YLR387C	STRUCTURE
REI1	YBR267W	STRUCTURE
REP1		NONE
REP2		NONE
RER1	YCL001W	NONE
RER2	YBR002C	NONE
RET1	YOR207C	NONE
RET2	YFR051C	NONE
RET3	YPL010W	NONE
REV1	YOR346W	STRUCTURE
REV3	YPL167C	STRUCTURE
REV7	YIL139C	STRUCTURE
REX2	YLR059C	NONE
REX3	YLR107W	NONE
REX4	YOL080C	NONE
RFA1	YAR007C	STRUCTURE
RFA2	YNL312W	STRUCTURE
RFA3	YJL173C	STRUCTURE
RFC1	YOR217W	STRUCTURE
RFC2	YJR068W	STRUCTURE
RFC3	YNL290W	STRUCTURE
RFC4	YOL094C	STRUCTURE
RFC5	YBR087W	STRUCTURE
RFM1	YOR279C	STRUCTURE
RFS1	YBR052C	NONE
RFT1	YBL020W	NONE
RFU1	YLR073C	NONE
RFX1	YLR176C	NONE
RGA1	YOR127W	INPUT
RGA2	YDR379W	INPUT
RGC1	YPR115W	NONE
RGD1	YBR260C	INPUT
RGD2	YFL047W	INPUT
RGD3	YHR182W	INPUT
RGI1	YER067W	NONE
RGI2	YIL057C	NONE
RGL1	YPL066W	NONE
RGM1	YMR182C	NONE
RGP1	YDR137W	STRUCTURE
RGR1	YLR071C	NONE
RGS2	YOR107W	NONE
RGT1	YKL038W	NONE
RGT2	YDL138W	INPUT
RHB1	YCR027C	INPUT
RHO1	YPR165W	INPUT
RHO2	YNL090W	INPUT
RHO3	YIL118W	INPUT
RHO4	YKR055W	INPUT
RHO5	YNL180C	INPUT
RIA1	YNL163C	STRUCTURE
RIB1	YBL033C	NONE
RIB2	YOL066C	NONE
RIB3	YDR487C	NONE
RIB4	YOL143C	NONE
RIB5	YBR256C	NONE
RIB7	YBR153W	NONE
RIC1	YLR039C	NONE
RIE1	YGR250C	NONE
RIF1	YBR275C	NONE
RIF2	YLR453C	NONE
RIM1	YCR028C-A	STRUCTURE
RIM101	YHL027W	STRUCTURE
RIM11	YMR139W	INPUT
RIM13	YMR154C	NONE
RIM15	YFL033C	BOTH
RIM2	YBR192W	INPUT
RIM20	YOR275C	NONE
RIM21	YNL294C	STRUCTURE
RIM4	YHL024W	NONE
RIM8	YGL045W	NONE
RIM9	YMR063W	NONE
RIO1	YOR119C	STRUCTURE
RIO2	YNL207W	STRUCTURE
RIP1	YEL024W	NONE
RIT1	YMR283C	NONE
RIX1	YHR197W	STRUCTURE
RIX7	YLL034C	STRUCTURE
RKI1	YOR095C	NONE
RKM1	YPL208W	NONE
RKM2	YDR198C	NONE
RKM3	YBR030W	NONE
RKM4	YDR257C	NONE
RKM5	YLR137W	NONE
RKR1	YMR247C	STRUCTURE
RLF2	YPR018W	STRUCTURE
RLI1	YDR091C	STRUCTURE
RLM1	YPL089C	INPUT
RLP24	YLR009W	STRUCTURE
RLP7	YNL002C	STRUCTURE
RMA1	YKL132C	NONE
RMD1	YDL001W	NONE
RMD5	YDR255C	STRUCTURE
RMD6	YEL072W	NONE
RMD8	YFR048W	NONE
RMD9	YGL107C	NONE
RME1	YGR044C	STRUCTURE
RME2	YNCG0006C	NONE
RME3	YNCG0001C	NONE
RMI1	YPL024W	STRUCTURE
RML2	YEL050C	NONE
RMP1	YLR145W	NONE
RMR1	YGL250W	NONE
RMT2	YDR465C	NONE
RNA1	YMR235C	NONE
RNA14	YMR061W	NONE
RNA15	YGL044C	NONE
RNA170	YNCM0032C	NONE
RNH1	YMR234W	NONE
RNH201	YNL072W	STRUCTURE
RNH202	YDR279W	NONE
RNH203	YLR154C	NONE
RNH70	YGR276C	STRUCTURE
RNP1	YLL046C	STRUCTURE
RNQ1	YCL028W	NONE
RNR1	YER070W	NONE
RNR2	YJL026W	NONE
RNR3	YIL066C	NONE
RNR4	YGR180C	NONE
RNT1	YMR239C	STRUCTURE
RNY1	YPL123C	NONE
ROD1	YOR018W	NONE
ROF1	YHR177W	NONE
ROG1	YGL144C	NONE
ROG3	YFR022W	NONE
ROK1	YGL171W	STRUCTURE
ROM1	YGR070W	INPUT
ROM2	YLR371W	INPUT
ROQ1	YJL144W	NONE
ROT1	YMR200W	STRUCTURE
ROT2	YBR229C	NONE
ROX1	YPR065W	INPUT
ROX3	YBL093C	NONE
ROY1	YMR258C	NONE
RPA12	YJR063W	STRUCTURE
RPA135	YPR010C	STRUCTURE
RPA14	YDR156W	STRUCTURE
RPA190	YOR341W	STRUCTURE
RPA34	YJL148W	STRUCTURE
RPA43	YOR340C	STRUCTURE
RPA49	YNL248C	STRUCTURE
RPB10	YOR210W	STRUCTURE
RPB11	YOL005C	NONE
RPB2	YOR151C	NONE
RPB3	YIL021W	NONE
RPB4	YJL140W	NONE
RPB5	YBR154C	STRUCTURE
RPB7	YDR404C	NONE
RPB8	YOR224C	STRUCTURE
RPB9	YGL070C	STRUCTURE
RPC10	YHR143W-A	STRUCTURE
RPC11	YDR045C	NONE
RPC17	YJL011C	NONE
RPC19	YNL113W	STRUCTURE
RPC25	YKL144C	NONE
RPC31	YNL151C	NONE
RPC34	YNR003C	NONE
RPC37	YKR025W	NONE
RPC40	YPR110C	STRUCTURE
RPC53	YDL150W	NONE
RPC82	YPR190C	NONE
RPD3	YNL330C	STRUCTURE
RPE1	YJL121C	NONE
RPF1	YHR088W	STRUCTURE
RPF2	YKR081C	STRUCTURE
RPG1	YBR079C	NONE
RPH1	YER169W	NONE
RPI1	YIL119C	STRUCTURE
RPL10	YLR075W	NONE
RPL11A	YPR102C	NONE
RPL11B	YGR085C	NONE
RPL12A	YEL054C	NONE
RPL12B	YDR418W	NONE
RPL13A	YDL082W	NONE
RPL13B	YMR142C	NONE
RPL14A	YKL006W	STRUCTURE
RPL14B	YHL001W	STRUCTURE
RPL15A	YLR029C	NONE
RPL15B	YMR121C	NONE
RPL16A	YIL133C	NONE
RPL16B	YNL069C	NONE
RPL17A	YKL180W	NONE
RPL17B	YJL177W	NONE
RPL18A	YOL120C	NONE
RPL18B	YNL301C	NONE
RPL19A	YBR084C-A	NONE
RPL19B	YBL027W	NONE
RPL1A	YPL220W	NONE
RPL1B	YGL135W	NONE
RPL20A	YMR242C	NONE
RPL20B	YOR312C	NONE
RPL21A	YBR191W	NONE
RPL21B	YPL079W	NONE
RPL22A	YLR061W	NONE
RPL22B	YFL034C-A	NONE
RPL23A	YBL087C	NONE
RPL23B	YER117W	NONE
RPL24A	YGL031C	NONE
RPL24B	YGR148C	NONE
RPL25	YOL127W	NONE
RPL26A	YLR344W	STRUCTURE
RPL26B	YGR034W	STRUCTURE
RPL27A	YHR010W	NONE
RPL27B	YDR471W	NONE
RPL28	YGL103W	NONE
RPL29	YFR032C-A	NONE
RPL2A	YFR031C-A	STRUCTURE
RPL2B	YIL018W	NONE
RPL3	YOR063W	NONE
RPL30	YGL030W	NONE
RPL31A	YDL075W	NONE
RPL31B	YLR406C	NONE
RPL32	YBL092W	NONE
RPL33A	YPL143W	STRUCTURE
RPL33B	YOR234C	STRUCTURE
RPL34A	YER056C-A	STRUCTURE
RPL34B	YIL052C	STRUCTURE
RPL35A	YDL191W	NONE
RPL35B	YDL136W	NONE
RPL36A	YMR194W	NONE
RPL36B	YPL249C-A	NONE
RPL37A	YLR185W	NONE
RPL37B	YDR500C	NONE
RPL38	YLR325C	NONE
RPL39	YJL189W	NONE
RPL40A	YIL148W	STRUCTURE
RPL40B	YKR094C	STRUCTURE
RPL41A	YDL184C	NONE
RPL41B	YDL133C-A	NONE
RPL42A	YNL162W	NONE
RPL42B	YHR141C	NONE
RPL43A	YPR043W	NONE
RPL43B	YJR094W-A	NONE
RPL4A	YBR031W	NONE
RPL4B	YDR012W	NONE
RPL5	YPL131W	NONE
RPL6A	YML073C	NONE
RPL6B	YLR448W	NONE
RPL7A	YGL076C	STRUCTURE
RPL7B	YPL198W	STRUCTURE
RPL8A	YHL033C	STRUCTURE
RPL8B	YLL045C	STRUCTURE
RPL9A	YGL147C	NONE
RPL9B	YNL067W	NONE
RPM1	YNCQ0027W	NONE
RPM2	YML091C	STRUCTURE
RPN1	YHR027C	STRUCTURE
RPN10	YHR200W	STRUCTURE
RPN11	YFR004W	STRUCTURE
RPN12	YFR052W	STRUCTURE
RPN13	YLR421C	NONE
RPN14	YGL004C	STRUCTURE
RPN2	YIL075C	STRUCTURE
RPN3	YER021W	NONE
RPN4	YDL020C	NONE
RPN5	YDL147W	NONE
RPN6	YDL097C	NONE
RPN7	YPR108W	STRUCTURE
RPN8	YOR261C	STRUCTURE
RPN9	YDR427W	NONE
RPO21	YDL140C	NONE
RPO26	YPR187W	STRUCTURE
RPO31	YOR116C	NONE
RPO41	YFL036W	NONE
RPP0	YLR340W	STRUCTURE
RPP1	YHR062C	NONE
RPP1A	YDL081C	NONE
RPP1B	YDL130W	NONE
RPP2A	YOL039W	NONE
RPP2B	YDR382W	NONE
RPR1	YNCE0007C	NONE
RPR2	YIR015W	NONE
RPS0A	YGR214W	STRUCTURE
RPS0B	YLR048W	STRUCTURE
RPS10A	YOR293W	NONE
RPS10B	YMR230W	NONE
RPS11A	YDR025W	NONE
RPS11B	YBR048W	NONE
RPS12	YOR369C	STRUCTURE
RPS13	YDR064W	NONE
RPS14A	YCR031C	STRUCTURE
RPS14B	YJL191W	STRUCTURE
RPS15	YOL040C	STRUCTURE
RPS16A	YMR143W	NONE
RPS16B	YDL083C	NONE
RPS17A	YML024W	NONE
RPS17B	YDR447C	NONE
RPS18A	YDR450W	NONE
RPS18B	YML026C	NONE
RPS19A	YOL121C	STRUCTURE
RPS19B	YNL302C	STRUCTURE
RPS1A	YLR441C	NONE
RPS1B	YML063W	NONE
RPS2	YGL123W	STRUCTURE
RPS20	YHL015W	NONE
RPS21A	YKR057W	NONE
RPS21B	YJL136C	NONE
RPS22A	YJL190C	NONE
RPS22B	YLR367W	NONE
RPS23A	YGR118W	NONE
RPS23B	YPR132W	NONE
RPS24A	YER074W	NONE
RPS24B	YIL069C	NONE
RPS25A	YGR027C	NONE
RPS25B	YLR333C	NONE
RPS26A	YGL189C	NONE
RPS26B	YER131W	NONE
RPS27A	YKL156W	NONE
RPS27B	YHR021C	NONE
RPS28A	YOR167C	NONE
RPS28B	YLR264W	NONE
RPS29A	YLR388W	NONE
RPS29B	YDL061C	NONE
RPS3	YNL178W	NONE
RPS30A	YLR287C-A	NONE
RPS30B	YOR182C	NONE
RPS31	YLR167W	STRUCTURE
RPS4A	YJR145C	NONE
RPS4B	YHR203C	NONE
RPS5	YJR123W	NONE
RPS6A	YPL090C	STRUCTURE
RPS6B	YBR181C	STRUCTURE
RPS7A	YOR096W	STRUCTURE
RPS7B	YNL096C	STRUCTURE
RPS8A	YBL072C	NONE
RPS8B	YER102W	NONE
RPS9A	YPL081W	STRUCTURE
RPS9B	YBR189W	STRUCTURE
RPT1	YKL145W	STRUCTURE
RPT2	YDL007W	STRUCTURE
RPT3	YDR394W	STRUCTURE
RPT4	YOR259C	STRUCTURE
RPT5	YOR117W	STRUCTURE
RPT6	YGL048C	STRUCTURE
RQC1	YDR333C	NONE
RQC2	YPL009C	NONE
RQT4	YKR023W	NONE
RRB1	YMR131C	STRUCTURE
RRD1	YIL153W	STRUCTURE
RRD2	YPL152W	INPUT
RRF1	YHR038W	NONE
RRG1	YDR065W	NONE
RRG7	YOR305W	NONE
RRG8	YPR116W	NONE
RRG9	YNL213C	STRUCTURE
RRI1	YDL216C	STRUCTURE
RRI2	YOL117W	NONE
RRM3	YHR031C	STRUCTURE
RRN10	YBL025W	NONE
RRN11	YML043C	NONE
RRN3	YKL125W	NONE
RRN5	YLR141W	STRUCTURE
RRN6	YBL014C	NONE
RRN7	YJL025W	NONE
RRN9	YMR270C	NONE
RRP1	YDR087C	NONE
RRP12	YPL012W	STRUCTURE
RRP14	YKL082C	STRUCTURE
RRP15	YPR143W	STRUCTURE
RRP17	YDR412W	STRUCTURE
RRP3	YHR065C	STRUCTURE
RRP36	YOR287C	STRUCTURE
RRP4	YHR069C	NONE
RRP40	YOL142W	NONE
RRP42	YDL111C	NONE
RRP43	YCR035C	NONE
RRP45	YDR280W	NONE
RRP46	YGR095C	NONE
RRP5	YMR229C	STRUCTURE
RRP6	YOR001W	NONE
RRP7	YCL031C	STRUCTURE
RRP8	YDR083W	STRUCTURE
RRP9	YPR137W	STRUCTURE
RRS1	YOR294W	STRUCTURE
RRT1	YBL048W	NONE
RRT12	YCR045C	NONE
RRT13	YER066W	NONE
RRT14	YIL127C	NONE
RRT15	YLR162W-A	NONE
RRT2	YBR246W	NONE
RRT5	YFR032C	NONE
RRT6	YGL146C	NONE
RRT7	YLL030C	NONE
RRT8	YOL048C	NONE
RSA1	YPL193W	STRUCTURE
RSA3	YLR221C	STRUCTURE
RSA4	YCR072C	STRUCTURE
RSB1	YOR049C	NONE
RSC1	YGR056W	STRUCTURE
RSC2	YLR357W	STRUCTURE
RSC3	YDR303C	STRUCTURE
RSC30	YHR056C	STRUCTURE
RSC4	YKR008W	STRUCTURE
RSC58	YLR033W	STRUCTURE
RSC6	YCR052W	STRUCTURE
RSC8	YFR037C	STRUCTURE
RSC9	YML127W	STRUCTURE
RSE1	YML049C	NONE
RSF1	YMR030W	NONE
RSF2	YJR127C	NONE
RSM10	YDR041W	NONE
RSM18	YER050C	NONE
RSM19	YNR037C	NONE
RSM22	YKL155C	NONE
RSM23	YGL129C	NONE
RSM24	YDR175C	NONE
RSM25	YIL093C	NONE
RSM26	YJR101W	NONE
RSM27	YGR215W	NONE
RSM28	YDR494W	NONE
RSM7	YJR113C	NONE
RSN1	YMR266W	INPUT
RSO55	YLR281C	NONE
RSP5	YER125W	STRUCTURE
RSR1	YGR152C	BOTH
RTA1	YGR213C	NONE
RTC1	YOL138C	INPUT
RTC2	YBR147W	INPUT
RTC3	YHR087W	STRUCTURE
RTC4	YNL254C	NONE
RTC5	YOR118W	NONE
RTC6	YPL183W-A	STRUCTURE
RTF1	YGL244W	NONE
RTG1	YOL067C	NONE
RTG2	YGL252C	NONE
RTG3	YBL103C	NONE
RTK1	YDL025C	NONE
RTM1		NONE
RTN1	YDR233C	NONE
RTN2	YDL204W	NONE
RTP1	YMR185W	NONE
RTR1	YER139C	NONE
RTR2	YDR066C	NONE
RTS1	YOR014W	BOTH
RTS2	YOR077W	NONE
RTS3	YGR161C	NONE
RTT10	YPL183C	NONE
RTT101	YJL047C	STRUCTURE
RTT102	YGR275W	STRUCTURE
RTT103	YDR289C	NONE
RTT105	YER104W	NONE
RTT106	YNL206C	STRUCTURE
RTT107	YHR154W	STRUCTURE
RTT109	YLL002W	STRUCTURE
RUB1	YDR139C	NONE
RUD3	YOR216C	NONE
RUF20	YNCF0003C	NONE
RUF21	YNCF0001C	NONE
RUF22	YNCF0010C	NONE
RUF23	YNCF0013W	NONE
RUF5-1	YNCH0007W	NONE
RUF5-2	YNCH0008W	NONE
RUP1	YOR138C	NONE
RVB1	YDR190C	STRUCTURE
RVB2	YPL235W	STRUCTURE
RVS161	YCR009C	INPUT
RVS167	YDR388W	NONE
RXT2	YBR095C	STRUCTURE
RXT3	YDL076C	STRUCTURE
SAC1	YKL212W	NONE
SAC3	YDR159W	STRUCTURE
SAC6	YDR129C	NONE
SAC7	YDR389W	INPUT
SAD1	YFR005C	NONE
SAE2	YGL175C	STRUCTURE
SAE3	YHR079C-A	STRUCTURE
SAF1	YBR280C	NONE
SAG1	YJR004C	NONE
SAH1	YER043C	NONE
SAK1	YER129W	STRUCTURE
SAL1	YNL083W	INPUT
SAM1	YLR180W	NONE
SAM2	YDR502C	NONE
SAM3	YPL274W	INPUT
SAM35	YHR083W	NONE
SAM37	YMR060C	NONE
SAM4	YPL273W	NONE
SAM50	YNL026W	NONE
SAN1	YDR143C	NONE
SAP1	YER047C	NONE
SAP155	YFR040W	STRUCTURE
SAP185	YJL098W	STRUCTURE
SAP190	YKR028W	BOTH
SAP30	YMR263W	STRUCTURE
SAP4	YGL229C	STRUCTURE
SAR1	YPL218W	NONE
SAS10	YDL153C	STRUCTURE
SAS2	YMR127C	STRUCTURE
SAS3	YBL052C	STRUCTURE
SAS4	YDR181C	STRUCTURE
SAS5	YOR213C	STRUCTURE
SAT4	YCR008W	STRUCTURE
SAW1	YAL027W	STRUCTURE
SAY1	YGR263C	NONE
SBA1	YKL117W	STRUCTURE
SBE2	YDR351W	STRUCTURE
SBE22	YHR103W	STRUCTURE
SBH1	YER087C-B	NONE
SBH2	YER019C-A	NONE
SBP1	YHL034C	NONE
SCC2	YDR180W	NONE
SCC4	YER147C	STRUCTURE
SCD5	YOR329C	NONE
SCD6	YPR129W	NONE
SCEI		NONE
SCH9	YHR205W	INPUT
SCJ1	YMR214W	STRUCTURE
SCL1	YGL011C	STRUCTURE
SCM3	YDL139C	STRUCTURE
SCM4	YGR049W	NONE
SCO1	YBR037C	INPUT
SCO2	YBR024W	INPUT
SCP1	YOR367W	NONE
SCP160	YJL080C	STRUCTURE
SCR1	YNCE0024W	NONE
SCS2	YER120W	NONE
SCS22	YBL091C-A	NONE
SCS3	YGL126W	NONE
SCS7	YMR272C	NONE
SCT1	YBL011W	NONE
SCW10	YMR305C	STRUCTURE
SCW11	YGL028C	STRUCTURE
SCW4	YGR279C	STRUCTURE
SCY1	YGL083W	NONE
SDA1	YGR245C	STRUCTURE
SDC1	YDR469W	NONE
SDC25	YLL016W	BOTH
SDD1	YEL057C	NONE
SDD2	YMR074C	NONE
SDD3	YOL098C	NONE
SDD4	YPR022C	NONE
SDH1	YKL148C	NONE
SDH2	YLL041C	NONE
SDH3	YKL141W	NONE
SDH4	YDR178W	NONE
SDH5	YOL071W	NONE
SDH6	YDR379C-A	NONE
SDH7	YDR511W	NONE
SDH8	YBR269C	STRUCTURE
SDH9	YJL045W	NONE
SDL1	YIL167W	NONE
SDO1	YLR022C	STRUCTURE
SDP1	YIL113W	NONE
SDS22	YKL193C	STRUCTURE
SDS23	YGL056C	NONE
SDS24	YBR214W	NONE
SDS3	YIL084C	STRUCTURE
SDT1	YGL224C	NONE
SEA4	YBL104C	NONE
SEC1	YDR164C	NONE
SEC10	YLR166C	NONE
SEC11	YIR022W	NONE
SEC12	YNR026C	NONE
SEC13	YLR208W	INPUT
SEC14	YMR079W	NONE
SEC15	YGL233W	NONE
SEC16	YPL085W	NONE
SEC17	YBL050W	NONE
SEC18	YBR080C	NONE
SEC2	YNL272C	NONE
SEC20	YDR498C	NONE
SEC21	YNL287W	NONE
SEC22	YLR268W	NONE
SEC23	YPR181C	NONE
SEC24	YIL109C	NONE
SEC26	YDR238C	NONE
SEC27	YGL137W	NONE
SEC28	YIL076W	NONE
SEC3	YER008C	NONE
SEC31	YDL195W	NONE
SEC39	YLR440C	NONE
SEC4	YFL005W	NONE
SEC5	YDR166C	NONE
SEC53	YFL045C	NONE
SEC59	YMR013C	NONE
SEC6	YIL068C	NONE
SEC61	YLR378C	NONE
SEC62	YPL094C	NONE
SEC63	YOR254C	NONE
SEC65	YML105C	NONE
SEC66	YBR171W	NONE
SEC7	YDR170C	NONE
SEC72	YLR292C	NONE
SEC8	YPR055W	NONE
SEC9	YGR009C	NONE
SED1	YDR077W	NONE
SED4	YCR067C	NONE
SED5	YLR026C	NONE
SEF1	YBL066C	NONE
SEG1	YMR086W	NONE
SEG2	YKL105C	NONE
SEH1	YGL100W	NONE
SEI1	YLR404W	NONE
SEM1	YDR363W-A	STRUCTURE
SEN1	YLR430W	NONE
SEN15	YMR059W	NONE
SEN2	YLR105C	NONE
SEN34	YAR008W	NONE
SEN54	YPL083C	NONE
SEO1	YAL067C	INPUT
SER1	YOR184W	NONE
SER2	YGR208W	NONE
SER3	YER081W	NONE
SER33	YIL074C	NONE
SES1	YDR023W	NONE
SET1	YHR119W	STRUCTURE
SET2	YJL168C	NONE
SET3	YKR029C	STRUCTURE
SET4	YJL105W	STRUCTURE
SET5	YHR207C	NONE
SET6	YPL165C	NONE
SEY1	YOR165W	NONE
SFA1	YDL168W	NONE
SFB2	YNL049C	NONE
SFB3	YHR098C	NONE
SFC1	YJR095W	INPUT
SFG1	YOR315W	STRUCTURE
SFH1	YLR321C	STRUCTURE
SFH5	YJL145W	NONE
SFI1	YLL003W	STRUCTURE
SFK1	YKL051W	NONE
SFL1	YOR140W	NONE
SFM1	YOR021C	NONE
SFP1	YLR403W	NONE
SFT1	YKL006C-A	NONE
SFT2	YBL102W	NONE
SGA1	YIL099W	NONE
SGD1	YLR336C	STRUCTURE
SGE1	YPR198W	INPUT
SGF11	YPL047W	STRUCTURE
SGF29	YCL010C	STRUCTURE
SGF73	YGL066W	STRUCTURE
SGM1	YJR134C	NONE
SGN1	YIR001C	NONE
SGO1	YOR073W	STRUCTURE
SGS1	YMR190C	STRUCTURE
SGT1	YOR057W	NONE
SGT2	YOR007C	INPUT
SGV1	YPR161C	STRUCTURE
SHB17	YKR043C	NONE
SHC1	YER096W	STRUCTURE
SHE1	YBL031W	STRUCTURE
SHE10	YGL228W	NONE
SHE2	YKL130C	NONE
SHE3	YBR130C	NONE
SHE4	YOR035C	STRUCTURE
SHE9	YDR393W	STRUCTURE
SHG1	YBR258C	NONE
SHH3	YMR118C	NONE
SHH4	YLR164W	NONE
SHM1	YBR263W	NONE
SHM2	YLR058C	NONE
SHO1	YER118C	INPUT
SHP1	YBL058W	STRUCTURE
SHQ1	YIL104C	NONE
SHR3	YDL212W	STRUCTURE
SHR5	YOL110W	NONE
SHS1	YDL225W	STRUCTURE
SHU1	YHL006C	STRUCTURE
SHU2	YDR078C	STRUCTURE
SHY1	YGR112W	NONE
SIA1	YOR137C	NONE
SIC1	YLR079W	STRUCTURE
SIF2	YBR103W	STRUCTURE
SIL1	YOL031C	NONE
SIM1	YIL123W	STRUCTURE
SIN3	YOL004W	STRUCTURE
SIN4	YNL236W	NONE
SIP1	YDR422C	INPUT
SIP18	YMR175W	NONE
SIP2	YGL208W	INPUT
SIP3	YNL257C	NONE
SIP4	YJL089W	NONE
SIP5	YMR140W	NONE
SIR1	YKR101W	NONE
SIR2	YDL042C	STRUCTURE
SIR3	YLR442C	NONE
SIR4	YDR227W	NONE
SIS1	YNL007C	STRUCTURE
SIS2	YKR072C	STRUCTURE
SIT1	YEL065W	INPUT
SIT4	YDL047W	BOTH
SIW14	YNL032W	NONE
SIZ1	YDR409W	STRUCTURE
SKA1	YKL023W	NONE
SKG1	YKR100C	STRUCTURE
SKG3	YLR187W	INPUT
SKG6	YHR149C	NONE
SKI2	YLR398C	NONE
SKI3	YPR189W	NONE
SKI6	YGR195W	NONE
SKI7	YOR076C	NONE
SKI8	YGL213C	NONE
SKM1	YOL113W	NONE
SKN1	YGR143W	STRUCTURE
SKN7	YHR206W	INPUT
SKO1	YNL167C	INPUT
SKP1	YDR328C	STRUCTURE
SKP2	YNL311C	NONE
SKS1	YPL026C	STRUCTURE
SKT5	YBL061C	NONE
SKY1	YMR216C	NONE
SLA1	YBL007C	NONE
SLA2	YNL243W	NONE
SLC1	YDL052C	NONE
SLD2	YKL108W	STRUCTURE
SLD3	YGL113W	STRUCTURE
SLD5	YDR489W	STRUCTURE
SLD7	YOR060C	STRUCTURE
SLF1	YDR515W	NONE
SLG1	YOR008C	BOTH
SLH1	YGR271W	NONE
SLI1	YGR212W	NONE
SLI15	YBR156C	STRUCTURE
SLK19	YOR195W	STRUCTURE
SLM1	YIL105C	INPUT
SLM2	YNL047C	INPUT
SLM3	YDL033C	NONE
SLM4	YBR077C	INPUT
SLM5	YCR024C	NONE
SLM6	YBR266C	NONE
SLN1	YIL147C	INPUT
SLO1	YER180C-A	NONE
SLP1	YOR154W	NONE
SLS1	YLR139C	NONE
SLT2	YHR030C	BOTH
SLU7	YDR088C	NONE
SLX1	YBR228W	STRUCTURE
SLX4	YLR135W	STRUCTURE
SLX5	YDL013W	STRUCTURE
SLX8	YER116C	STRUCTURE
SLX9	YGR081C	STRUCTURE
SLY1	YDR189W	NONE
SLY41	YOR307C	INPUT
SLZ1	YNL196C	NONE
SMA1	YPL027W	NONE
SMA2	YML066C	NONE
SMB1	YER029C	NONE
SMC1	YFL008W	STRUCTURE
SMC2	YFR031C	STRUCTURE
SMC3	YJL074C	STRUCTURE
SMC4	YLR086W	STRUCTURE
SMC5	YOL034W	STRUCTURE
SMC6	YLR383W	STRUCTURE
SMD1	YGR074W	NONE
SMD2	YLR275W	NONE
SMD3	YLR147C	NONE
SME1	YOR159C	NONE
SMF1	YOL122C	INPUT
SMF2	YHR050W	NONE
SMF3	YLR034C	INPUT
SMI1	YGR229C	STRUCTURE
SMK1	YPR054W	BOTH
SML1	YML058W	STRUCTURE
SMM1	YNR015W	NONE
SMN1	YHR202W	NONE
SMP1	YBR182C	INPUT
SMP3	YOR149C	NONE
SMT1	YJL147C	NONE
SMT3	YDR510W	NONE
SMU2	YIL161W	NONE
SMX2	YFL017W-A	NONE
SMX3	YPR182W	NONE
SMY1	YKL079W	NONE
SMY2	YBR172C	NONE
SNA2	YDR525W-A	NONE
SNA3	YJL151C	NONE
SNA4	YDL123W	NONE
SNC1	YAL030W	NONE
SNC2	YOR327C	NONE
SND1	YDR186C	NONE
SND2	YLR065C	NONE
SND3	YBR106W	NONE
SNF1	YDR477W	NONE
SNF11	YDR073W	NONE
SNF12	YNR023W	NONE
SNF2	YOR290C	STRUCTURE
SNF3	YDL194W	INPUT
SNF4	YGL115W	NONE
SNF5	YBR289W	NONE
SNF6	YHL025W	NONE
SNF7	YLR025W	NONE
SNF8	YPL002C	NONE
SNG1	YGR197C	NONE
SNL1	YIL016W	STRUCTURE
SNM1	YDR478W	NONE
SNN1	YNL086W	NONE
SNO1	YMR095C	NONE
SNO2	YNL334C	NONE
SNO3	YFL060C	NONE
SNO4	YMR322C	NONE
SNP1	YIL061C	NONE
SNQ2	YDR011W	INPUT
SNR10	YNCG0013W	NONE
SNR11	YNCM0031W	NONE
SNR128	YNCJ0003C	NONE
SNR13	YNCD0030W	NONE
SNR14	YNCE0011C	NONE
SNR161	YNCB0009C	NONE
SNR17A	YNCO0025W	NONE
SNR17B	YNCP0005C	NONE
SNR18	YNCA0003W	NONE
SNR189	YNCC0012C	NONE
SNR19	YNCN0005C	NONE
SNR190	YNCJ0004C	STRUCTURE
SNR191	YNCN0019C	NONE
SNR24	YNCM0026C	NONE
SNR3	YNCJ0030W	NONE
SNR30	YNCL0003W	NONE
SNR31	YNCO0027C	NONE
SNR32	YNCH0012W	NONE
SNR33	YNCC0006C	NONE
SNR34	YNCL0048W	NONE
SNR35	YNCO0024C	NONE
SNR36	YNCO0022C	NONE
SNR37	YNCJ0007C	STRUCTURE
SNR38	YNCK0009W	NONE
SNR39	YNCG0014C	NONE
SNR39B	YNCG0015C	NONE
SNR4	YNCE0019W	NONE
SNR40	YNCN0001W	NONE
SNR41	YNCP0015C	NONE
SNR42	YNCK0020C	NONE
SNR43	YNCC0003C	NONE
SNR44	YNCL0046W	NONE
SNR45	YNCP0021W	NONE
SNR46	YNCG0024W	NONE
SNR47	YNCD0010C	NONE
SNR48	YNCG0026W	NONE
SNR49	YNCN0018W	NONE
SNR5	YNCO0028W	NONE
SNR50	YNCO0007W	NONE
SNR51	YNCP0013C	NONE
SNR52	YNCE0020C	NONE
SNR53	YNCE0003W	NONE
SNR54	YNCM0005C	NONE
SNR55	YNCL0042C	NONE
SNR56	YNCB0003W	NONE
SNR57	YNCL0043C	NONE
SNR58	YNCO0003C	NONE
SNR59	YNCP0003W	NONE
SNR6	YNCL0006W	NONE
SNR60	YNCJ0009C	NONE
SNR61	YNCL0041C	NONE
SNR62	YNCO0015C	NONE
SNR63	YNCD0002C	NONE
SNR64	YNCK0001W	NONE
SNR65	YNCC0011W	NONE
SNR66	YNCN0014W	NONE
SNR67	YNCE0002W	NONE
SNR68	YNCI0001W	NONE
SNR69	YNCK0013W	NONE
SNR7-L	YNCG0044C	NONE
SNR7-S	YNCG0045C	NONE
SNR70	YNCP0014C	NONE
SNR71	YNCH0014W	NONE
SNR72	YNCM0017W	NONE
SNR73	YNCM0016W	NONE
SNR74	YNCM0015W	NONE
SNR75	YNCM0014W	NONE
SNR76	YNCM0013W	NONE
SNR77	YNCM0012W	NONE
SNR78	YNCM0011W	NONE
SNR79	YNCL0005C	NONE
SNR8	YNCO0026W	NONE
SNR80	YNCE0001C	NONE
SNR81	YNCO0006W	NONE
SNR82	YNCG0010W	NONE
SNR83	YNCM0030W	NONE
SNR84	YNCD0032C	NONE
SNR85	YNCM0002C	NONE
SNR86	YNCM0034C	NONE
SNR87	YNCK0015C	NONE
SNR9	YNCO0014C	NONE
SNT1	YCR033W	NONE
SNT2	YGL131C	INPUT
SNT309	YPR101W	NONE
SNU114	YKL173W	NONE
SNU13	YEL026W	STRUCTURE
SNU23	YDL098C	NONE
SNU56	YDR240C	NONE
SNU66	YOR308C	NONE
SNU71	YGR013W	NONE
SNX3	YOR357C	NONE
SNX4	YJL036W	NONE
SNX41	YDR425W	NONE
SNZ1	YMR096W	NONE
SNZ2	YNL333W	NONE
SNZ3	YFL059W	NONE
SOA1	YIL166C	INPUT
SOD1	YJR104C	INPUT
SOD2	YHR008C	NONE
SOE1	YNCG0012W	NONE
SOF1	YLL011W	STRUCTURE
SOG2	YOR353C	BOTH
SOH1	YGL127C	STRUCTURE
SOK1	YDR006C	INPUT
SOK2	YMR016C	NONE
SOL1	YNR034W	NONE
SOL2	YCR073W-A	NONE
SOL3	YHR163W	NONE
SOL4	YGR248W	NONE
SOM1	YEL059C-A	NONE
SOP4	YJL192C	NONE
SOR1	YJR159W	NONE
SOR2	YDL246C	NONE
SOV1	YMR066W	NONE
SPA2	YLL021W	INPUT
SPB1	YCL054W	STRUCTURE
SPB4	YFL002C	STRUCTURE
SPC1	YJR010C-A	NONE
SPC105	YGL093W	NONE
SPC110	YDR356W	NONE
SPC19	YDR201W	STRUCTURE
SPC2	YML055W	NONE
SPC24	YMR117C	STRUCTURE
SPC25	YER018C	STRUCTURE
SPC29	YPL124W	NONE
SPC3	YLR066W	NONE
SPC34	YKR037C	STRUCTURE
SPC42	YKL042W	NONE
SPC72	YAL047C	STRUCTURE
SPC97	YHR172W	STRUCTURE
SPC98	YNL126W	STRUCTURE
SPE1	YKL184W	NONE
SPE2	YOL052C	NONE
SPE3	YPR069C	NONE
SPE4	YLR146C	NONE
SPF1	YEL031W	INPUT
SPG1	YGR236C	NONE
SPG3	YDR504C	NONE
SPG4	YMR107W	NONE
SPG5	YMR191W	NONE
SPH1	YLR313C	INPUT
SPI1	YER150W	NONE
SPL2	YHR136C	NONE
SPN1	YPR133C	NONE
SPO1	YNL012W	NONE
SPO11	YHL022C	NONE
SPO12	YHR152W	NONE
SPO13	YHR014W	NONE
SPO14	YKR031C	NONE
SPO16	YHR153C	NONE
SPO19	YPL130W	NONE
SPO20	YMR017W	NONE
SPO21	YOL091W	STRUCTURE
SPO22	YIL073C	NONE
SPO23	YBR250W	NONE
SPO24	YPR036W-A	NONE
SPO7	YAL009W	NONE
SPO71	YDR104C	NONE
SPO73	YER046W	NONE
SPO74	YGL170C	NONE
SPO75	YLL005C	INPUT
SPO77	YLR341W	NONE
SPP1	YPL138C	NONE
SPP2	YOR148C	NONE
SPP381	YBR152W	NONE
SPP382	YLR424W	NONE
SPP41	YDR464W	NONE
SPR1	YOR190W	STRUCTURE
SPR2	YOR214C	NONE
SPR28	YDR218C	STRUCTURE
SPR3	YGR059W	NONE
SPR6	YER115C	NONE
SPS1	YDR523C	INPUT
SPS100	YHR139C	NONE
SPS18	YNL204C	NONE
SPS19	YNL202W	NONE
SPS2	YDR522C	NONE
SPS22	YCL048W	NONE
SPS4	YOR313C	NONE
SPT10	YJL127C	STRUCTURE
SPT14	YPL175W	NONE
SPT15	YER148W	NONE
SPT16	YGL207W	STRUCTURE
SPT2	YER161C	STRUCTURE
SPT20	YOL148C	STRUCTURE
SPT21	YMR179W	NONE
SPT23	YKL020C	NONE
SPT3	YDR392W	STRUCTURE
SPT4	YGR063C	STRUCTURE
SPT5	YML010W	NONE
SPT6	YGR116W	STRUCTURE
SPT7	YBR081C	STRUCTURE
SPT8	YLR055C	STRUCTURE
SQS1	YNL224C	NONE
SQT1	YIR012W	STRUCTURE
SRB2	YHR041C	NONE
SRB4	YER022W	NONE
SRB5	YGR104C	NONE
SRB6	YBR253W	NONE
SRB7	YDR308C	NONE
SRB8	YCR081W	NONE
SRC1	YML034W	NONE
SRD1	YCR018C	NONE
SRF1	YDL133W	NONE
SRG1	YNCE0017W	NONE
SRL1	YOR247W	STRUCTURE
SRL2	YLR082C	NONE
SRL3	YKR091W	STRUCTURE
SRL4	YPL033C	NONE
SRM1	YGL097W	STRUCTURE
SRN2	YLR119W	NONE
SRO7	YPR032W	INPUT
SRO77	YBL106C	NONE
SRO9	YCL037C	NONE
SRP1	YNL189W	NONE
SRP101	YDR292C	NONE
SRP102	YKL154W	NONE
SRP14	YDL092W	NONE
SRP21	YKL122C	NONE
SRP40	YKR092C	NONE
SRP54	YPR088C	NONE
SRP68	YPL243W	NONE
SRP72	YPL210C	NONE
SRS2	YJL092W	STRUCTURE
SRT1	YMR101C	NONE
SRV2	YNL138W	NONE
SRX1	YKL086W	INPUT
SRY1	YKL218C	NONE
SSA1	YAL005C	STRUCTURE
SSA2	YLL024C	STRUCTURE
SSA3	YBL075C	STRUCTURE
SSA4	YER103W	STRUCTURE
SSB1	YDL229W	NONE
SSB2	YNL209W	NONE
SSC1	YJR045C	STRUCTURE
SSD1	YDR293C	STRUCTURE
SSE1	YPL106C	STRUCTURE
SSE2	YBR169C	STRUCTURE
SSF1	YHR066W	STRUCTURE
SSF2	YDR312W	STRUCTURE
SSH1	YBR283C	NONE
SSH4	YKL124W	NONE
SSK1	YLR006C	INPUT
SSK2	YNR031C	INPUT
SSK22	YCR073C	NONE
SSL1	YLR005W	STRUCTURE
SSL2	YIL143C	STRUCTURE
SSM4	YIL030C	STRUCTURE
SSN2	YDR443C	NONE
SSN3	YPL042C	STRUCTURE
SSN8	YNL025C	NONE
SSO1	YPL232W	NONE
SSO2	YMR183C	NONE
SSP1	YHR184W	STRUCTURE
SSP120	YLR250W	NONE
SSP2	YOR242C	NONE
SSQ1	YLR369W	NONE
SSS1	YDR086C	NONE
SST2	YLR452C	INPUT
SSU1	YPL092W	INPUT
SSU72	YNL222W	NONE
SSY1	YDR160W	INPUT
SSY5	YJL156C	NONE
SSZ1	YHR064C	NONE
STA1		NONE
STB1	YNL309W	STRUCTURE
STB2	YMR053C	NONE
STB3	YDR169C	NONE
STB4	YMR019W	NONE
STB5	YHR178W	INPUT
STB6	YKL072W	NONE
STD1	YOR047C	INPUT
STE11	YLR362W	INPUT
STE12	YHR084W	NONE
STE13	YOR219C	NONE
STE14	YDR410C	NONE
STE18	YJR086W	INPUT
STE2	YFL026W	INPUT
STE20	YHL007C	INPUT
STE23	YLR389C	NONE
STE24	YJR117W	NONE
STE3	YKL178C	INPUT
STE4	YOR212W	INPUT
STE5	YDR103W	INPUT
STE50	YCL032W	BOTH
STE6	YKL209C	INPUT
STE7	YDL159W	INPUT
STF1	YDL130W-A	NONE
STF2	YGR008C	NONE
STH1	YIL126W	STRUCTURE
STI1	YOR027W	STRUCTURE
STL1	YDR536W	INPUT
STM1	YLR150W	INPUT
STN1	YDR082W	NONE
STO1	YMR125W	INPUT
STP1	YDR463W	NONE
STP2	YHR006W	NONE
STP22	YCL008C	NONE
STP3	YLR375W	NONE
STP4	YDL048C	NONE
STR2	YJR130C	NONE
STR3	YGL184C	NONE
STS1	YIR011C	STRUCTURE
STT3	YGL022W	NONE
STT4	YLR305C	NONE
STU1	YBL034C	STRUCTURE
STU2	YLR045C	NONE
STV1	YMR054W	INPUT
SUA5	YGL169W	NONE
SUA7	YPR086W	NONE
SUB1	YMR039C	NONE
SUB2	YDL084W	NONE
SUC1		NONE
SUC2	YIL162W	NONE
SUC3		NONE
SUC4		NONE
SUC5		NONE
SUC7		NONE
SUE1	YPR151C	NONE
SUF1	YNCO0001C	NONE
SUF10	YNCN0016C	NONE
SUF11	YNCO0017W	NONE
SUF16	YNCC0007C	NONE
SUF17	YNCO0009W	NONE
SUF2	YNCC0004C	NONE
SUF20	YNCF0006W	NONE
SUF23	YNCJ0024W	NONE
SUF3	YNCD0027C	NONE
SUF4	YNCG0035W	NONE
SUF5	YNCO0020C	NONE
SUF6	YNCN0002C	NONE
SUF7	YNCM0008C	NONE
SUF8	YNCH0013C	NONE
SUF9	YNCF0002W	NONE
SUI1	YNL244C	NONE
SUI2	YJR007W	NONE
SUI3	YPL237W	NONE
SUL1	YBR294W	INPUT
SUL2	YLR092W	INPUT
SUM1	YDR310C	STRUCTURE
SUN4	YNL066W	STRUCTURE
SUP11	YNCF0007W	NONE
SUP16	YNCP0012W	NONE
SUP17	YNCI0006W	NONE
SUP19	YNCE0015C	NONE
SUP2	YNCD0018W	NONE
SUP3	YNCO0010W	NONE
SUP35	YDR172W	NONE
SUP4	YNCJ0027C	NONE
SUP45	YBR143C	NONE
SUP5	YNCM0006W	NONE
SUP51	YNCJ0021C	NONE
SUP53	YNCC0002W	NONE
SUP54	YNCG0019W	NONE
SUP56	YNCA0005W	NONE
SUP6	YNCF0012C	NONE
SUP61	YNCC0013W	NONE
SUP7	YNCJ0010W	NONE
SUP8	YNCM0037W	NONE
SUR1	YPL057C	NONE
SUR2	YDR297W	NONE
SUR7	YML052W	NONE
SUS1	YBR111W-A	STRUCTURE
SUT1	YGL162W	NONE
SUT2	YPR009W	NONE
SUV3	YPL029W	NONE
SVF1	YDR346C	INPUT
SVL3	YPL032C	NONE
SVP26	YHR181W	NONE
SVS1	YPL163C	NONE
SWA2	YDR320C	NONE
SWC3	YAL011W	STRUCTURE
SWC4	YGR002C	STRUCTURE
SWC5	YBR231C	STRUCTURE
SWC7	YLR385C	STRUCTURE
SWD1	YAR003W	NONE
SWD2	YKL018W	NONE
SWD3	YBR175W	NONE
SWE1	YJL187C	STRUCTURE
SWF1	YDR126W	NONE
SWH1	YAR042W	NONE
SWI1	YPL016W	STRUCTURE
SWI3	YJL176C	NONE
SWI4	YER111C	STRUCTURE
SWI5	YDR146C	STRUCTURE
SWI6	YLR182W	STRUCTURE
SWM1	YDR260C	STRUCTURE
SWM2	YNR004W	NONE
SWP1	YMR149W	NONE
SWP82	YFL049W	STRUCTURE
SWR1	YDR334W	STRUCTURE
SWS2	YNL081C	NONE
SWT1	YOR166C	NONE
SWT21	YNL187W	NONE
SXM1	YDR395W	NONE
SYC1	YOR179C	NONE
SYF1	YDR416W	NONE
SYF2	YGR129W	NONE
SYG1	YIL047C	INPUT
SYH1	YPL105C	NONE
SYM1	YLR251W	NONE
SYN8	YAL014C	NONE
SYO1	YDL063C	STRUCTURE
SYP1	YCR030C	NONE
SYS1	YJL004C	NONE
SYT1	YPR095C	NONE
TAD1	YGL243W	NONE
TAD2	YJL035C	NONE
TAD3	YLR316C	NONE
TAE1	YBR261C	NONE
TAF1	YGR274C	STRUCTURE
TAF10	YDR167W	STRUCTURE
TAF11	YML015C	NONE
TAF12	YDR145W	STRUCTURE
TAF13	YML098W	NONE
TAF14	YPL129W	NONE
TAF2	YCR042C	NONE
TAF3	YPL011C	NONE
TAF4	YMR005W	NONE
TAF5	YBR198C	STRUCTURE
TAF6	YGL112C	STRUCTURE
TAF7	YMR227C	NONE
TAF8	YML114C	NONE
TAF9	YMR236W	STRUCTURE
TAG1	YLR173W	NONE
TAH1	YCR060W	STRUCTURE
TAH11	YJR046W	STRUCTURE
TAH18	YPR048W	NONE
TAL1	YLR354C	NONE
TAM41	YGR046W	NONE
TAN1	YGL232W	NONE
TAO3	YIL129C	NONE
TAP42	YMR028W	NONE
TAR1	YLR154W-C	NONE
TAT1	YBR069C	INPUT
TAT2	YOL020W	INPUT
TAT3		NONE
TAX4	YJL083W	NONE
TAZ1	YPR140W	NONE
TBF1	YPL128C	NONE
TBS1	YBR150C	NONE
TCA17	YEL048C	NONE
TCB1	YOR086C	NONE
TCB2	YNL087W	NONE
TCB3	YML072C	NONE
TCD1	YHR003C	NONE
TCD2	YKL027W	NONE
TCM62	YBR044C	STRUCTURE
TCO89	YPL180W	INPUT
TCP1	YDR212W	STRUCTURE
TDA1	YMR291W	INPUT
TDA10	YGR205W	NONE
TDA11	YHR159W	NONE
TDA2	YER071C	NONE
TDA3	YHR009C	NONE
TDA4	YJR116W	NONE
TDA5	YLR426W	NONE
TDA6	YPR157W	NONE
TDA7	YNL176C	NONE
TDA8	YAL064C-A	NONE
TDA9	YML081W	NONE
TDH1	YJL052W	NONE
TDH2	YJR009C	NONE
TDH3	YGR192C	NONE
TDP1	YBR223C	STRUCTURE
TEA1	YOR337W	NONE
TEC1	YBR083W	NONE
TED1	YIL039W	NONE
TEF1	YPR080W	NONE
TEF2	YBR118W	NONE
TEF4	YKL081W	NONE
TEL1	YBL088C	STRUCTURE
TEL2	YGR099W	NONE
TEM1	YML064C	STRUCTURE
TEN1	YLR010C	NONE
TEP1	YNL128W	NONE
TES1	YJR019C	NONE
TEX1	YNL253W	NONE
TFA1	YKL028W	NONE
TFA2	YKR062W	NONE
TFB1	YDR311W	STRUCTURE
TFB2	YPL122C	STRUCTURE
TFB3	YDR460W	STRUCTURE
TFB4	YPR056W	STRUCTURE
TFB5	YDR079C-A	STRUCTURE
TFB6	YOR352W	NONE
TFC1	YBR123C	NONE
TFC3	YAL001C	NONE
TFC4	YGR047C	NONE
TFC6	YDR362C	NONE
TFC7	YOR110W	NONE
TFC8	YPL007C	NONE
TFG1	YGR186W	NONE
TFG2	YGR005C	NONE
TFS1	YLR178C	NONE
TGA1	YNCA0004W	NONE
TGL1	YKL140W	NONE
TGL2	YDR058C	NONE
TGL3	YMR313C	NONE
TGL4	YKR089C	NONE
TGL5	YOR081C	NONE
TGS1	YPL157W	NONE
THG1	YGR024C	NONE
THI11	YJR156C	NONE
THI12	YNL332W	NONE
THI13	YDL244W	NONE
THI2	YBR240C	NONE
THI20	YOL055C	NONE
THI21	YPL258C	NONE
THI22	YPR121W	NONE
THI3	YDL080C	NONE
THI4	YGR144W	NONE
THI5	YFL058W	NONE
THI6	YPL214C	NONE
THI7	YLR237W	INPUT
THI72	YOR192C	INPUT
THI73	YLR004C	INPUT
THI74	YDR438W	NONE
THI80	YOR143C	NONE
THO1	YER063W	NONE
THO2	YNL139C	NONE
THP1	YOL072W	NONE
THP2	YHR167W	NONE
THP3	YPR045C	NONE
THR1	YHR025W	NONE
THR4	YCR053W	NONE
THS1	YIL078W	NONE
TIF1	YKR059W	NONE
TIF11	YMR260C	NONE
TIF2	YJL138C	NONE
TIF3	YPR163C	NONE
TIF34	YMR146C	NONE
TIF35	YDR429C	NONE
TIF4631	YGR162W	STRUCTURE
TIF4632	YGL049C	NONE
TIF5	YPR041W	NONE
TIF6	YPR016C	STRUCTURE
TIM10	YHR005C-A	NONE
TIM11	YDR322C-A	INPUT
TIM12	YBR091C	NONE
TIM13	YGR181W	NONE
TIM17	YJL143W	NONE
TIM18	YOR297C	INPUT
TIM21	YGR033C	NONE
TIM22	YDL217C	NONE
TIM23	YNR017W	NONE
TIM44	YIL022W	NONE
TIM50	YPL063W	NONE
TIM54	YJL054W	NONE
TIM8	YJR135W-A	NONE
TIM9	YEL020W-A	NONE
TIP1	YBR067C	NONE
TIP20	YGL145W	NONE
TIP41	YPR040W	INPUT
TIR1	YER011W	NONE
TIR2	YOR010C	NONE
TIR3	YIL011W	NONE
TIR4	YOR009W	STRUCTURE
TIS11	YLR136C	NONE
TKL1	YPR074C	NONE
TKL2	YBR117C	NONE
TLC1	YNCB0010W	NONE
TLD1	YDR275W	NONE
TLG1	YDR468C	NONE
TLG2	YOL018C	NONE
TMA10	YLR327C	NONE
TMA108	YIL137C	STRUCTURE
TMA16	YOR252W	NONE
TMA17	YDL110C	NONE
TMA19	YKL056C	NONE
TMA20	YER007C-A	STRUCTURE
TMA22	YJR014W	NONE
TMA23	YMR269W	STRUCTURE
TMA46	YOR091W	NONE
TMA64	YDR117C	NONE
TMA7	YLR262C-A	NONE
TMC1	YOR052C	NONE
TMH11	YJR085C	NONE
TMH18	YPR098C	NONE
TML25	YLR118C	NONE
TMN2	YDR107C	INPUT
TMN3	YER113C	INPUT
TMS1	YDR105C	NONE
TMT1	YER175C	NONE
TNA1	YGR260W	INPUT
TOA1	YOR194C	NONE
TOA2	YKL058W	NONE
TOD6	YBL054W	NONE
TOF1	YNL273W	STRUCTURE
TOF2	YKR010C	NONE
TOG1	YER184C	NONE
TOH1	YJL171C	STRUCTURE
TOK1	YJL093C	INPUT
TOM1	YDR457W	STRUCTURE
TOM20	YGR082W	NONE
TOM22	YNL131W	NONE
TOM40	YMR203W	INPUT
TOM5	YPR133W-A	NONE
TOM6	YOR045W	NONE
TOM7	YNL070W	NONE
TOM70	YNL121C	NONE
TOM71	YHR117W	NONE
TOP1	YOL006C	STRUCTURE
TOP2	YNL088W	STRUCTURE
TOP3	YLR234W	STRUCTURE
TOR1	YJR066W	BOTH
TOR2	YKL203C	BOTH
TOS1	YBR162C	STRUCTURE
TOS2	YGR221C	NONE
TOS3	YGL179C	INPUT
TOS4	YLR183C	NONE
TOS6	YNL300W	NONE
TOS7	YOL019W	NONE
TOS8	YGL096W	NONE
TPA1	YER049W	NONE
TPC1	YGR096W	INPUT
TPD3	YAL016W	NONE
TPH3	YJL016W	NONE
TPI1	YDR050C	NONE
TPK1	YJL164C	STRUCTURE
TPK2	YPL203W	NONE
TPK3	YKL166C	STRUCTURE
TPM1	YNL079C	BOTH
TPM2	YIL138C	STRUCTURE
TPN1	YGL186C	INPUT
TPO1	YLL028W	INPUT
TPO2	YGR138C	INPUT
TPO3	YPR156C	INPUT
TPO4	YOR273C	INPUT
TPO5	YKL174C	INPUT
TPP1	YMR156C	STRUCTURE
TPS1	YBR126C	NONE
TPS2	YDR074W	NONE
TPS3	YMR261C	NONE
TPT1	YOL102C	NONE
TRA1	YHR099W	STRUCTURE
TRE1	YPL176C	NONE
TRE2	YOR256C	NONE
TRF5	YNL299W	STRUCTURE
TRI1	YMR233W	NONE
TRK1	YJL129C	INPUT
TRK2	YKR050W	INPUT
TRL1	YJL087C	NONE
TRM1	YDR120C	NONE
TRM10	YOL093W	NONE
TRM11	YOL124C	NONE
TRM112	YNR046W	STRUCTURE
TRM12	YML005W	NONE
TRM13	YOL125W	NONE
TRM2	YKR056W	NONE
TRM3	YDL112W	INPUT
TRM44	YPL030W	NONE
TRM5	YHR070W	NONE
TRM7	YBR061C	NONE
TRM732	YMR259C	NONE
TRM8	YDL201W	NONE
TRM82	YDR165W	NONE
TRM9	YML014W	NONE
TRN1	YNCA0002W	NONE
TRP1	YDR007W	NONE
TRP2	YER090W	NONE
TRP3	YKL211C	NONE
TRP4	YDR354W	NONE
TRP5	YGL026C	NONE
TRR1	YDR353W	INPUT
TRR2	YHR106W	INPUT
TRR4	YNCL0045W	NONE
TRS120	YDR407C	NONE
TRS130	YMR218C	NONE
TRS20	YBR254C	NONE
TRS23	YDR246W	NONE
TRS31	YDR472W	NONE
TRS33	YOR115C	NONE
TRS65	YGR166W	STRUCTURE
TRS85	YDR108W	NONE
TRT2	YNCK0002C	NONE
TRX1	YLR043C	NONE
TRX2	YGR209C	NONE
TRX3	YCR083W	INPUT
TRZ1	YKR079C	NONE
TSA1	YML028W	BOTH
TSA2	YDR453C	BOTH
TSC10	YBR265W	NONE
TSC11	YER093C	INPUT
TSC13	YDL015C	NONE
TSC3	YBR058C-A	NONE
TSL1	YML100W	NONE
TSR1	YDL060W	STRUCTURE
TSR2	YLR435W	NONE
TSR3	YOR006C	STRUCTURE
TSR4	YOL022C	STRUCTURE
TTI1	YKL033W	STRUCTURE
TTI2	YJR136C	BOTH
TUB1	YML085C	STRUCTURE
TUB2	YFL037W	STRUCTURE
TUB3	YML124C	STRUCTURE
TUB4	YLR212C	STRUCTURE
TUF1	YOR187W	NONE
TUL1	YKL034W	STRUCTURE
TUM1	YOR251C	NONE
TUP1	YCR084C	STRUCTURE
TUS1	YLR425W	INPUT
TVP15	YDR100W	NONE
TVP18	YMR071C	NONE
TVP23	YDR084C	NONE
TVP38	YKR088C	NONE
TVS1	YCR061W	NONE
TWF1	YGR080W	NONE
TYC1	YBR296C-A	NONE
TYE7	YOR344C	NONE
TYR1	YBR166C	NONE
TYS1	YGR185C	NONE
TYW1	YPL207W	NONE
TYW3	YGL050W	NONE
UAF30	YOR295W	STRUCTURE
UBA1	YKL210W	NONE
UBA2	YDR390C	NONE
UBA3	YPR066W	NONE
UBA4	YHR111W	INPUT
UBC1	YDR177W	NONE
UBC11	YOR339C	NONE
UBC12	YLR306W	NONE
UBC13	YDR092W	NONE
UBC4	YBR082C	NONE
UBC5	YDR059C	NONE
UBC6	YER100W	NONE
UBC7	YMR022W	STRUCTURE
UBC8	YEL012W	STRUCTURE
UBC9	YDL064W	STRUCTURE
UBI4	YLL039C	NONE
UBP1	YDL122W	NONE
UBP10	YNL186W	NONE
UBP11	YKR098C	NONE
UBP12	YJL197W	NONE
UBP13	YBL067C	NONE
UBP14	YBR058C	STRUCTURE
UBP15	YMR304W	NONE
UBP16	YPL072W	NONE
UBP2	YOR124C	STRUCTURE
UBP3	YER151C	NONE
UBP5	YER144C	NONE
UBP6	YFR010W	STRUCTURE
UBP7	YIL156W	NONE
UBP8	YMR223W	NONE
UBP9	YER098W	NONE
UBR1	YGR184C	NONE
UBR2	YLR024C	NONE
UBS1	YBR165W	NONE
UBX2	YML013W	STRUCTURE
UBX3	YDL091C	NONE
UBX4	YMR067C	NONE
UBX5	YDR330W	STRUCTURE
UBX6	YJL048C	NONE
UBX7	YBR273C	NONE
UCC1	YLR224W	NONE
UFD1	YGR048W	STRUCTURE
UFD2	YDL190C	NONE
UFD4	YKL010C	STRUCTURE
UFE1	YOR075W	NONE
UFO1	YML088W	NONE
UGA1	YGR019W	NONE
UGA2	YBR006W	INPUT
UGA3	YDL170W	NONE
UGA4	YDL210W	INPUT
UGO1	YDR470C	NONE
UGP1	YKL035W	NONE
UGX2	YDL169C	NONE
UIP3	YAR027W	NONE
UIP4	YPL186C	NONE
UIP5	YKR044W	NONE
ULA1	YPL003W	NONE
ULI1	YFR026C	NONE
ULP1	YPL020C	STRUCTURE
ULP2	YIL031W	NONE
ULS1	YOR191W	STRUCTURE
UME1	YPL139C	STRUCTURE
UME6	YDR207C	STRUCTURE
UMP1	YBR173C	NONE
UNG1	YML021C	STRUCTURE
UPA1	YGR283C	NONE
UPA2	YMR310C	NONE
UPC2	YDR213W	NONE
UPF3	YGR072W	NONE
UPS1	YLR193C	NONE
UPS2	YLR168C	NONE
UPS3	YDR185C	STRUCTURE
URA1	YKL216W	NONE
URA10	YMR271C	NONE
URA2	YJL130C	NONE
URA3	YEL021W	NONE
URA4	YLR420W	NONE
URA5	YML106W	NONE
URA6	YKL024C	NONE
URA7	YBL039C	NONE
URA8	YJR103W	NONE
URB1	YKL014C	STRUCTURE
URB2	YJR041C	STRUCTURE
URC2	YDR520C	NONE
URE2	YNL229C	NONE
URH1	YDR400W	NONE
URK1	YNR012W	NONE
URM1	YIL008W	INPUT
URN1	YPR152C	NONE
USA1	YML029W	NONE
USB1	YLR132C	NONE
USE1	YGL098W	NONE
USO1	YDL058W	NONE
USV1	YPL230W	INPUT
UTH1	YKR042W	STRUCTURE
UTP10	YJL109C	STRUCTURE
UTP11	YKL099C	STRUCTURE
UTP13	YLR222C	STRUCTURE
UTP14	YML093W	STRUCTURE
UTP15	YMR093W	STRUCTURE
UTP18	YJL069C	STRUCTURE
UTP20	YBL004W	STRUCTURE
UTP21	YLR409C	STRUCTURE
UTP22	YGR090W	STRUCTURE
UTP23	YOR004W	STRUCTURE
UTP25	YIL091C	STRUCTURE
UTP30	YKR060W	STRUCTURE
UTP4	YDR324C	STRUCTURE
UTP5	YDR398W	STRUCTURE
UTP6	YDR449C	STRUCTURE
UTP7	YER082C	STRUCTURE
UTP8	YGR128C	STRUCTURE
UTP9	YHR196W	STRUCTURE
UTR1	YJR049C	NONE
UTR2	YEL040W	STRUCTURE
UTR4	YEL038W	NONE
UTR5	YEL035C	NONE
VAB2	YEL005C	NONE
VAC14	YLR386W	INPUT
VAC17	YCL063W	NONE
VAC7	YNL054W	NONE
VAC8	YEL013W	NONE
VAM10	YOR068C	NONE
VAM3	YOR106W	NONE
VAM6	YDL077C	NONE
VAM7	YGL212W	NONE
VAN1	YML115C	NONE
VAR1		NONE
VAS1	YGR094W	NONE
VBA1	YMR088C	INPUT
VBA2	YBR293W	INPUT
VBA3	YCL069W	INPUT
VBA4	YDR119W	INPUT
VBA5	YKR105C	INPUT
VCX1	YDL128W	INPUT
VEL1	YGL258W	NONE
VFA1	YER128W	NONE
VHC1	YBR235W	INPUT
VHR1	YIL056W	NONE
VHR2	YER064C	NONE
VHS1	YDR247W	STRUCTURE
VHS2	YIL135C	NONE
VHS3	YOR054C	NONE
VHT1	YGR065C	INPUT
VID22	YLR373C	NONE
VID24	YBR105C	STRUCTURE
VID27	YNL212W	NONE
VID28	YIL017C	STRUCTURE
VID30	YGL227W	STRUCTURE
VIK1	YPL253C	NONE
VIP1	YLR410W	NONE
VIR1	YGL036W	NONE
VLD1	YIR014W	NONE
VMA1	YDL185W	INPUT
VMA10	YHR039C-A	INPUT
VMA11	YPL234C	INPUT
VMA13	YPR036W	INPUT
VMA16	YHR026W	INPUT
VMA2	YBR127C	INPUT
VMA21	YGR105W	NONE
VMA22	YHR060W	NONE
VMA3	YEL027W	INPUT
VMA4	YOR332W	INPUT
VMA5	YKL080W	INPUT
VMA6	YLR447C	INPUT
VMA7	YGR020C	INPUT
VMA8	YEL051W	INPUT
VMA9	YCL005W-A	INPUT
VMR1	YHL035C	INPUT
VMS1	YDR049W	NONE
VNX1	YNL321W	INPUT
VOA1	YGR106C	NONE
VPH1	YOR270C	INPUT
VPH2	YKL119C	NONE
VPR1	YIL152W	NONE
VPS1	YKR001C	STRUCTURE
VPS13	YLL040C	STRUCTURE
VPS15	YBR097W	NONE
VPS16	YPL045W	NONE
VPS17	YOR132W	NONE
VPS20	YMR077C	NONE
VPS21	YOR089C	NONE
VPS24	YKL041W	NONE
VPS25	YJR102C	NONE
VPS27	YNR006W	NONE
VPS28	YPL065W	NONE
VPS29	YHR012W	NONE
VPS3	YDR495C	NONE
VPS30	YPL120W	NONE
VPS33	YLR396C	NONE
VPS34	YLR240W	NONE
VPS35	YJL154C	NONE
VPS36	YLR417W	NONE
VPS38	YLR360W	NONE
VPS4	YPR173C	NONE
VPS41	YDR080W	NONE
VPS45	YGL095C	NONE
VPS5	YOR069W	NONE
VPS501	YKR078W	NONE
VPS51	YKR020W	NONE
VPS52	YDR484W	NONE
VPS53	YJL029C	NONE
VPS54	YDR027C	NONE
VPS55	YJR044C	NONE
VPS60	YDR486C	NONE
VPS62	YGR141W	NONE
VPS63	YLR261C	NONE
VPS64	YDR200C	INPUT
VPS68	YOL129W	NONE
VPS70	YJR126C	NONE
VPS71	YML041C	STRUCTURE
VPS72	YDR485C	STRUCTURE
VPS73	YGL104C	INPUT
VPS74	YDR372C	NONE
VPS75	YNL246W	NONE
VPS8	YAL002W	NONE
VPS9	YML097C	NONE
VRG4	YGL225W	INPUT
VRL1	YML002W	NONE
VRP1	YLR337C	NONE
VSB1	YGR125W	INPUT
VTA1	YLR181C	NONE
VTC1	YER072W	NONE
VTC2	YFL004W	NONE
VTC3	YPL019C	NONE
VTC4	YJL012C	NONE
VTC5	YDR089W	NONE
VTH1	YIL173W	NONE
VTH2	YJL222W	NONE
VTI1	YMR197C	NONE
VTS1	YOR359W	NONE
VVS1	YBR241C	INPUT
WAR1	YML076C	NONE
WBP1	YEL002C	NONE
WHI2	YOR043W	INPUT
WHI3	YNL197C	NONE
WHI4	YDL224C	NONE
WHI5	YOR083W	STRUCTURE
WIP1	YDR374W-A	STRUCTURE
WRS1	YOL097C	NONE
WSC2	YNL283C	BOTH
WSC3	YOL105C	BOTH
WSC4	YHL028W	BOTH
WSS1	YHR134W	STRUCTURE
WTM1	YOR230W	NONE
WTM2	YOR229W	NONE
WWM1	YFL010C	NONE
XBP1	YIL101C	INPUT
XDH1		NONE
XDJ1	YLR090W	STRUCTURE
XKS1	YGR194C	NONE
XPT1	YJR133W	NONE
XRN1	YGL173C	NONE
XRS2	YDR369C	STRUCTURE
XYL2	YLR070C	NONE
YAE1	YJR067C	NONE
YAF9	YNL107W	STRUCTURE
YAH1	YPL252C	NONE
YAK1	YJL141C	NONE
YAL037C-A	YAL037C-A	NONE
YAL037W	YAL037W	NONE
YAL063C-A	YAL063C-A	NONE
YAL064W	YAL064W	NONE
YAL064W-B	YAL064W-B	NONE
YAL065C	YAL065C	NONE
YAL067W-A	YAL067W-A	NONE
YAP1	YML007W	INPUT
YAP1801	YHR161C	NONE
YAP1802	YGR241C	NONE
YAP3	YHL009C	NONE
YAP5	YIR018W	NONE
YAP6	YDR259C	NONE
YAP7	YOL028C	NONE
YAR009C	YAR009C	NONE
YAR010C	YAR010C	NONE
YAR035C-A	YAR035C-A	NONE
YAR061W	YAR061W	NONE
YAR064W	YAR064W	NONE
YAR066W	YAR066W	NONE
YAR068W	YAR068W	NONE
YAR1	YPL239W	BOTH
YAT1	YAR035W	NONE
YAT2	YER024W	NONE
YBL005W-A	YBL005W-A	NONE
YBL005W-B	YBL005W-B	NONE
YBL008W-A	YBL008W-A	NONE
YBL028C	YBL028C	NONE
YBL029C-A	YBL029C-A	NONE
YBL029W	YBL029W	NONE
YBL036C	YBL036C	NONE
YBL044W	YBL044W	NONE
YBL055C	YBL055C	INPUT
YBL071C	YBL071C	NONE
YBL071C-B	YBL071C-B	NONE
YBL081W	YBL081W	NONE
YBL086C	YBL086C	NONE
YBL100W-A	YBL100W-A	NONE
YBL100W-B	YBL100W-B	NONE
YBL100W-C	YBL100W-C	NONE
YBL111C	YBL111C	NONE
YBL112C	YBL112C	NONE
YBL113C	YBL113C	NONE
YBP1	YBR216C	INPUT
YBP2	YGL060W	INPUT
YBR012W-A	YBR012W-A	NONE
YBR012W-B	YBR012W-B	NONE
YBR013C	YBR013C	NONE
YBR027C	YBR027C	NONE
YBR032W	YBR032W	NONE
YBR053C	YBR053C	NONE
YBR062C	YBR062C	NONE
YBR071W	YBR071W	NONE
YBR072C-A	YBR072C-A	NONE
YBR085C-A	YBR085C-A	NONE
YBR090C	YBR090C	NONE
YBR096W	YBR096W	NONE
YBR137W	YBR137W	NONE
YBR138C	YBR138C	NONE
YBR144C	YBR144C	NONE
YBR182C-A	YBR182C-A	NONE
YBR184W	YBR184W	NONE
YBR196C-A	YBR196C-A	NONE
YBR196C-B	YBR196C-B	NONE
YBR197C	YBR197C	NONE
YBR200W-A	YBR200W-A	NONE
YBR209W	YBR209W	NONE
YBR219C	YBR219C	NONE
YBR220C	YBR220C	NONE
YBR221W-A	YBR221W-A	NONE
YBR225W	YBR225W	NONE
YBR238C	YBR238C	NONE
YBR242W	YBR242W	NONE
YBR259W	YBR259W	NONE
YBR284W	YBR284W	NONE
YBR287W	YBR287W	INPUT
YBR292C	YBR292C	NONE
YBR298C-A	YBR298C-A	NONE
YBT1	YLL048C	INPUT
YCF1	YDR135C	INPUT
YCG1	YDR325W	STRUCTURE
YCH1	YGR203W	NONE
YCK1	YHR135C	INPUT
YCK2	YNL154C	INPUT
YCK3	YER123W	INPUT
YCL001W-A	YCL001W-A	NONE
YCL001W-B	YCL001W-B	NONE
YCL002C	YCL002C	NONE
YCL012C	YCL012C	NONE
YCL019W	YCL019W	NONE
YCL020W	YCL020W	NONE
YCL021W-A	YCL021W-A	NONE
YCL042W	YCL042W	NONE
YCL048W-A	YCL048W-A	NONE
YCL068C	YCL068C	NONE
YCL075W	YCL075W	NONE
YCP4	YCR004C	NONE
YCR001W	YCR001W	NONE
YCR006C	YCR006C	NONE
YCR022C	YCR022C	NONE
YCR023C	YCR023C	INPUT
YCR024C-B	YCR024C-B	NONE
YCR025C	YCR025C	NONE
YCR041W	YCR041W	STRUCTURE
YCR043C	YCR043C	NONE
YCR050C	YCR050C	NONE
YCR051W	YCR051W	NONE
YCR085W	YCR085W	NONE
YCR087C-A	YCR087C-A	NONE
YCR090C	YCR090C	NONE
YCR095W-A	YCR095W-A	NONE
YCR099C	YCR099C	NONE
YCR101C	YCR101C	NONE
YCR102C	YCR102C	NONE
YCR108C	YCR108C	NONE
YCS4	YLR272C	STRUCTURE
YCT1	YLL055W	INPUT
YCX1	YDL206W	INPUT
YDC1	YPL087W	NONE
YDJ1	YNL064C	BOTH
YDL007C-A	YDL007C-A	NONE
YDL009C	YDL009C	NONE
YDL012C	YDL012C	NONE
YDL022C-A	YDL022C-A	NONE
YDL057W	YDL057W	NONE
YDL085C-A	YDL085C-A	NONE
YDL086W	YDL086W	NONE
YDL109C	YDL109C	NONE
YDL114W	YDL114W	NONE
YDL124W	YDL124W	INPUT
YDL129W	YDL129W	NONE
YDL144C	YDL144C	NONE
YDL159W-A	YDL159W-A	NONE
YDL177C	YDL177C	NONE
YDL186W	YDL186W	NONE
YDL199C	YDL199C	INPUT
YDL204W-A	YDL204W-A	NONE
YDL211C	YDL211C	NONE
YDL218W	YDL218W	NONE
YDL241W	YDL241W	NONE
YDL242W	YDL242W	NONE
YDR003W-A	YDR003W-A	NONE
YDR010C	YDR010C	NONE
YDR029W	YDR029W	NONE
YDR034C-A	YDR034C-A	NONE
YDR034C-C	YDR034C-C	NONE
YDR034C-D	YDR034C-D	NONE
YDR042C	YDR042C	NONE
YDR061W	YDR061W	NONE
YDR098C-A	YDR098C-A	NONE
YDR098C-B	YDR098C-B	NONE
YDR102C	YDR102C	NONE
YDR109C	YDR109C	NONE
YDR114C	YDR114C	NONE
YDR124W	YDR124W	NONE
YDR131C	YDR131C	NONE
YDR157W	YDR157W	NONE
YDR169C-A	YDR169C-A	NONE
YDR170W-A	YDR170W-A	NONE
YDR182W-A	YDR182W-A	NONE
YDR194W-A	YDR194W-A	NONE
YDR209C	YDR209C	NONE
YDR210C-C	YDR210C-C	NONE
YDR210C-D	YDR210C-D	NONE
YDR210W-A	YDR210W-A	NONE
YDR210W-B	YDR210W-B	NONE
YDR215C	YDR215C	NONE
YDR222W	YDR222W	NONE
YDR239C	YDR239C	NONE
YDR246W-A	YDR246W-A	NONE
YDR248C	YDR248C	NONE
YDR249C	YDR249C	NONE
YDR261C-C	YDR261C-C	NONE
YDR261C-D	YDR261C-D	NONE
YDR261W-A	YDR261W-A	NONE
YDR261W-B	YDR261W-B	NONE
YDR262W	YDR262W	NONE
YDR274C	YDR274C	NONE
YDR316W-A	YDR316W-A	NONE
YDR316W-B	YDR316W-B	NONE
YDR338C	YDR338C	INPUT
YDR341C	YDR341C	NONE
YDR344C	YDR344C	NONE
YDR365W-A	YDR365W-A	NONE
YDR365W-B	YDR365W-B	NONE
YDR415C	YDR415C	NONE
YDR444W	YDR444W	NONE
YDR476C	YDR476C	NONE
YDR514C	YDR514C	NONE
YDR524C-B	YDR524C-B	NONE
YDR524W-C	YDR524W-C	NONE
YDR541C	YDR541C	NONE
YEA4	YEL004W	INPUT
YEA6	YEL006W	INPUT
YEF1	YEL041W	NONE
YEF3	YLR249W	NONE
YEH1	YLL012W	NONE
YEH2	YLR020C	NONE
YEL008W	YEL008W	NONE
YEL009C-A	YEL009C-A	NONE
YEL014C	YEL014C	NONE
YEL023C	YEL023C	NONE
YEL025C	YEL025C	NONE
YEL028W	YEL028W	NONE
YEL067C	YEL067C	NONE
YEL068C	YEL068C	NONE
YEL073C	YEL073C	NONE
YEL075C	YEL075C	NONE
YEL076C	YEL076C	NONE
YEL076C-A	YEL076C-A	NONE
YEL077C	YEL077C	NONE
YEL1	YBL060W	NONE
YEN1	YER041W	STRUCTURE
YER010C	YER010C	NONE
YER034W	YER034W	NONE
YER039C-A	YER039C-A	NONE
YER053C-A	YER053C-A	NONE
YER076C	YER076C	NONE
YER078W-A	YER078W-A	NONE
YER079W	YER079W	NONE
YER084W	YER084W	NONE
YER121W	YER121W	NONE
YER134C	YER134C	NONE
YER135C	YER135C	NONE
YER137C	YER137C	NONE
YER137C-A	YER137C-A	NONE
YER138C	YER138C	NONE
YER138W-A	YER138W-A	NONE
YER145C-A	YER145C-A	NONE
YER152C	YER152C	NONE
YER158C	YER158C	NONE
YER159C-A	YER159C-A	NONE
YER160C	YER160C	NONE
YER175W-A	YER175W-A	NONE
YER181C	YER181C	NONE
YER186C	YER186C	NONE
YER187W	YER187W	NONE
YER188C-A	YER188C-A	NONE
YER188W	YER188W	NONE
YER189W	YER189W	NONE
YER190C-B	YER190C-B	NONE
YET1	YKL065C	NONE
YET2	YMR040W	NONE
YET3	YDL072C	NONE
YFH1	YDL120W	INPUT
YFH7	YFR007W	NONE
YFL002W-A	YFL002W-A	NONE
YFL002W-B	YFL002W-B	NONE
YFL012W	YFL012W	NONE
YFL015C	YFL015C	NONE
YFL019C	YFL019C	NONE
YFL040W	YFL040W	INPUT
YFL041W-A	YFL041W-A	NONE
YFL051C	YFL051C	NONE
YFL064C	YFL064C	NONE
YFL065C	YFL065C	NONE
YFL066C	YFL066C	NONE
YFL067W	YFL067W	NONE
YFL068W	YFL068W	NONE
YFR006W	YFR006W	NONE
YFR012W-A	YFR012W-A	NONE
YFR018C	YFR018C	NONE
YFR035C	YFR035C	NONE
YFR035W-A	YFR035W-A	NONE
YFR054C	YFR054C	NONE
YFR057W	YFR057W	NONE
YFS1	YPL034W	NONE
YFT2	YDR319C	NONE
YGK1	YGL101W	NONE
YGK3	YOL128C	NONE
YGL006W-A	YGL006W-A	NONE
YGL007C-A	YGL007C-A	NONE
YGL034C	YGL034C	NONE
YGL039W	YGL039W	NONE
YGL041C-B	YGL041C-B	NONE
YGL081W	YGL081W	NONE
YGL088W	YGL088W	NONE
YGL108C	YGL108C	NONE
YGL114W	YGL114W	NONE
YGL118C	YGL118C	NONE
YGL138C	YGL138C	NONE
YGL140C	YGL140C	NONE
YGL149W	YGL149W	NONE
YGL159W	YGL159W	NONE
YGL176C	YGL176C	NONE
YGL185C	YGL185C	NONE
YGL188C-A	YGL188C-A	NONE
YGL193C	YGL193C	NONE
YGL194C-A	YGL194C-A	NONE
YGL204C	YGL204C	NONE
YGL230C	YGL230C	NONE
YGL235W	YGL235W	NONE
YGL258W-A	YGL258W-A	NONE
YGL260W	YGL260W	NONE
YGL262W	YGL262W	NONE
YGP1	YNL160W	NONE
YGR016C-A	YGR016C-A	NONE
YGR016W	YGR016W	NONE
YGR017W	YGR017W	NONE
YGR018C	YGR018C	NONE
YGR025W	YGR025W	NONE
YGR026W	YGR026W	NONE
YGR027W-A	YGR027W-A	NONE
YGR027W-B	YGR027W-B	NONE
YGR035C	YGR035C	NONE
YGR035W-A	YGR035W-A	NONE
YGR038C-A	YGR038C-A	NONE
YGR038C-B	YGR038C-B	NONE
YGR039W	YGR039W	NONE
YGR045C	YGR045C	NONE
YGR050C	YGR050C	NONE
YGR054W	YGR054W	NONE
YGR067C	YGR067C	NONE
YGR079W	YGR079W	NONE
YGR109W-A	YGR109W-A	NONE
YGR109W-B	YGR109W-B	NONE
YGR111W	YGR111W	NONE
YGR117C	YGR117C	NONE
YGR121W-A	YGR121W-A	NONE
YGR122W	YGR122W	NONE
YGR126W	YGR126W	NONE
YGR127W	YGR127W	NONE
YGR130C	YGR130C	NONE
YGR146C-A	YGR146C-A	NONE
YGR153W	YGR153W	NONE
YGR161C-C	YGR161C-C	NONE
YGR161C-D	YGR161C-D	NONE
YGR161W-A	YGR161W-A	NONE
YGR161W-B	YGR161W-B	NONE
YGR161W-C	YGR161W-C	NONE
YGR164W	YGR164W	NONE
YGR174W-A	YGR174W-A	NONE
YGR201C	YGR201C	NONE
YGR204C-A	YGR204C-A	NONE
YGR210C	YGR210C	NONE
YGR237C	YGR237C	NONE
YGR240C-A	YGR240C-A	NONE
YGR266W	YGR266W	NONE
YGR273C	YGR273C	NONE
YHB1	YGR234W	INPUT
YHC1	YLR298C	NONE
YHC3	YJL059W	INPUT
YHI9	YHR029C	NONE
YHK8	YHR048W	INPUT
YHL005C	YHL005C	NONE
YHL008C	YHL008C	INPUT
YHL009W-A	YHL009W-A	NONE
YHL009W-B	YHL009W-B	NONE
YHL012W	YHL012W	NONE
YHL015W-A	YHL015W-A	NONE
YHL017W	YHL017W	NONE
YHL026C	YHL026C	NONE
YHL037C	YHL037C	NONE
YHL041W	YHL041W	NONE
YHL042W	YHL042W	NONE
YHL048C-A	YHL048C-A	NONE
YHL049C	YHL049C	NONE
YHL050C	YHL050C	NONE
YHM2	YMR241W	NONE
YHP1	YDR451C	STRUCTURE
YHR007C-A	YHR007C-A	NONE
YHR020W	YHR020W	NONE
YHR022C	YHR022C	NONE
YHR022C-A	YHR022C-A	NONE
YHR033W	YHR033W	NONE
YHR050W-A	YHR050W-A	NONE
YHR052C-B	YHR052C-B	NONE
YHR054C	YHR054C	NONE
YHR054C-B	YHR054C-B	NONE
YHR078W	YHR078W	NONE
YHR086W-A	YHR086W-A	NONE
YHR112C	YHR112C	NONE
YHR125W	YHR125W	NONE
YHR130C	YHR130C	NONE
YHR131C	YHR131C	NONE
YHR138C	YHR138C	NONE
YHR139C-A	YHR139C-A	NONE
YHR140W	YHR140W	NONE
YHR173C	YHR173C	NONE
YHR175W-A	YHR175W-A	NONE
YHR180W	YHR180W	NONE
YHR210C	YHR210C	NONE
YHR212W-A	YHR212W-A	NONE
YHR213W	YHR213W	NONE
YHR213W-A	YHR213W-A	NONE
YHR213W-B	YHR213W-B	NONE
YHR214C-B	YHR214C-B	NONE
YHR214C-C	YHR214C-C	NONE
YHR214C-D	YHR214C-D	NONE
YHR214C-E	YHR214C-E	NONE
YHR214W	YHR214W	NONE
YHR218W	YHR218W	NONE
YHR219W	YHR219W	NONE
YHS7	YHR127W	NONE
YIA6	YIL006W	INPUT
YIF1	YNL263C	NONE
YIG1	YPL201C	NONE
YIH1	YCR059C	NONE
YIL001W	YIL001W	NONE
YIL012W	YIL012W	NONE
YIL014C-A	YIL014C-A	NONE
YIL046W-A	YIL046W-A	NONE
YIL054W	YIL054W	NONE
YIL055C	YIL055C	NONE
YIL059C	YIL059C	NONE
YIL060W	YIL060W	NONE
YIL067C	YIL067C	NONE
YIL082W-A	YIL082W-A	NONE
YIL086C	YIL086C	NONE
YIL089W	YIL089W	NONE
YIL092W	YIL092W	NONE
YIL102C	YIL102C	NONE
YIL105W-A	YIL105W-A	NONE
YIL108W	YIL108W	NONE
YIL134C-A	YIL134C-A	NONE
YIL163C	YIL163C	NONE
YIL165C	YIL165C	NONE
YIL171W	YIL171W	INPUT
YIL174W	YIL174W	NONE
YIL175W	YIL175W	NONE
YIL177C	YIL177C	NONE
YIM1	YMR152W	NONE
YIP1	YGR172C	NONE
YIP3	YNL044W	NONE
YIP4	YGL198W	NONE
YIP5	YGL161C	NONE
YIR016W	YIR016W	NONE
YIR018C-A	YIR018C-A	NONE
YIR020C	YIR020C	NONE
YIR021W-A	YIR021W-A	NONE
YIR042C	YIR042C	NONE
YIR043C	YIR043C	NONE
YJL007C	YJL007C	NONE
YJL027C	YJL027C	NONE
YJL028W	YJL028W	NONE
YJL043W	YJL043W	NONE
YJL047C-A	YJL047C-A	NONE
YJL052C-A	YJL052C-A	NONE
YJL068C	YJL068C	NONE
YJL070C	YJL070C	NONE
YJL077W-A	YJL077W-A	NONE
YJL077W-B	YJL077W-B	NONE
YJL107C	YJL107C	INPUT
YJL113W	YJL113W	NONE
YJL114W	YJL114W	NONE
YJL118W	YJL118W	NONE
YJL132W	YJL132W	NONE
YJL136W-A	YJL136W-A	NONE
YJL163C	YJL163C	INPUT
YJL193W	YJL193W	NONE
YJL206C	YJL206C	NONE
YJL213W	YJL213W	NONE
YJL218W	YJL218W	NONE
YJL225C	YJL225C	NONE
YJR015W	YJR015W	NONE
YJR026W	YJR026W	NONE
YJR027W	YJR027W	NONE
YJR028W	YJR028W	NONE
YJR029W	YJR029W	NONE
YJR056C	YJR056C	NONE
YJR079W	YJR079W	NONE
YJR084W	YJR084W	NONE
YJR096W	YJR096W	INPUT
YJR098C	YJR098C	NONE
YJR107C-A	YJR107C-A	INPUT
YJR115W	YJR115W	NONE
YJR124C	YJR124C	INPUT
YJR128W	YJR128W	NONE
YJR142W	YJR142W	NONE
YJR146W	YJR146W	NONE
YJR149W	YJR149W	NONE
YJR151W-A	YJR151W-A	NONE
YJR154W	YJR154W	NONE
YJU2	YKL095W	NONE
YJU3	YKL094W	NONE
YKE2	YLR200W	STRUCTURE
YKE4	YIL023C	INPUT
YKL033W-A	YKL033W-A	NONE
YKL063C	YKL063C	NONE
YKL068W-A	YKL068W-A	NONE
YKL069W	YKL069W	INPUT
YKL070W	YKL070W	NONE
YKL091C	YKL091C	NONE
YKL096C-B	YKL096C-B	NONE
YKL097C	YKL097C	NONE
YKL102C	YKL102C	NONE
YKL104W-A	YKL104W-A	NONE
YKL106C-A	YKL106C-A	NONE
YKL107W	YKL107W	NONE
YKL162C	YKL162C	NONE
YKL183C-A	YKL183C-A	NONE
YKL222C	YKL222C	NONE
YKR005C	YKR005C	NONE
YKR015C	YKR015C	NONE
YKR018C	YKR018C	NONE
YKR032W	YKR032W	NONE
YKR041W	YKR041W	NONE
YKR045C	YKR045C	NONE
YKR070W	YKR070W	NONE
YKR073C	YKR073C	NONE
YKR075C	YKR075C	NONE
YKR104W	YKR104W	INPUT
YKT6	YKL196C	NONE
YKU70	YMR284W	STRUCTURE
YKU80	YMR106C	STRUCTURE
YLF2	YHL014C	NONE
YLH47	YPR125W	INPUT
YLL006W-A	YLL006W-A	NONE
YLL017W	YLL017W	STRUCTURE
YLL032C	YLL032C	NONE
YLL053C	YLL053C	INPUT
YLL054C	YLL054C	NONE
YLL056C	YLL056C	NONE
YLL066C	YLL066C	NONE
YLL066W-B	YLL066W-B	NONE
YLL067C	YLL067C	NONE
YLR001C	YLR001C	NONE
YLR012C	YLR012C	NONE
YLR030W	YLR030W	NONE
YLR031W	YLR031W	NONE
YLR035C-A	YLR035C-A	NONE
YLR036C	YLR036C	NONE
YLR046C	YLR046C	NONE
YLR108C	YLR108C	NONE
YLR111W	YLR111W	NONE
YLR112W	YLR112W	NONE
YLR122C	YLR122C	NONE
YLR125W	YLR125W	NONE
YLR126C	YLR126C	NONE
YLR146W-A	YLR146W-A	NONE
YLR152C	YLR152C	INPUT
YLR154C-G	YLR154C-G	NONE
YLR154C-H	YLR154C-H	NONE
YLR156C-A	YLR156C-A	NONE
YLR156W	YLR156W	NONE
YLR157C-A	YLR157C-A	NONE
YLR157C-B	YLR157C-B	NONE
YLR157C-C	YLR157C-C	NONE
YLR157W-D	YLR157W-D	NONE
YLR157W-E	YLR157W-E	NONE
YLR159C-A	YLR159C-A	NONE
YLR159W	YLR159W	NONE
YLR161W	YLR161W	NONE
YLR162W	YLR162W	NONE
YLR177W	YLR177W	NONE
YLR179C	YLR179C	NONE
YLR225C	YLR225C	NONE
YLR227W-A	YLR227W-A	NONE
YLR227W-B	YLR227W-B	NONE
YLR236C	YLR236C	NONE
YLR255C	YLR255C	NONE
YLR256W-A	YLR256W-A	NONE
YLR257W	YLR257W	NONE
YLR264C-A	YLR264C-A	NONE
YLR278C	YLR278C	NONE
YLR285C-A	YLR285C-A	NONE
YLR287C	YLR287C	NONE
YLR296W	YLR296W	NONE
YLR297W	YLR297W	NONE
YLR302C	YLR302C	NONE
YLR326W	YLR326W	NONE
YLR342W-A	YLR342W-A	NONE
YLR345W	YLR345W	NONE
YLR358C	YLR358C	NONE
YLR361C-A	YLR361C-A	NONE
YLR363W-A	YLR363W-A	NONE
YLR365W	YLR365W	NONE
YLR379W-A	YLR379W-A	NONE
YLR406C-A	YLR406C-A	NONE
YLR410W-A	YLR410W-A	NONE
YLR410W-B	YLR410W-B	NONE
YLR412C-A	YLR412C-A	NONE
YLR415C	YLR415C	NONE
YLR419W	YLR419W	NONE
YLR456W	YLR456W	NONE
YLR460C	YLR460C	NONE
YLR462W	YLR462W	NONE
YLR464W	YLR464W	NONE
YMC1	YPR058W	NONE
YMC2	YBR104W	INPUT
YMD8	YML038C	INPUT
YME1	YPR024W	STRUCTURE
YME2	YMR302C	STRUCTURE
YML003W	YML003W	NONE
YML018C	YML018C	NONE
YML039W	YML039W	NONE
YML040W	YML040W	NONE
YML045W	YML045W	NONE
YML045W-A	YML045W-A	NONE
YML053C	YML053C	NONE
YML054C-A	YML054C-A	NONE
YML082W	YML082W	NONE
YML083C	YML083C	NONE
YML096W	YML096W	NONE
YML100W-A	YML100W-A	NONE
YML108W	YML108W	NONE
YML119W	YML119W	NONE
YML122C	YML122C	NONE
YML131W	YML131W	NONE
YML133C	YML133C	NONE
YML6	YML025C	NONE
YMR001C-A	YMR001C-A	NONE
YMR007W	YMR007W	NONE
YMR008C-A	YMR008C-A	NONE
YMR027W	YMR027W	NONE
YMR030W-A	YMR030W-A	NONE
YMR045C	YMR045C	NONE
YMR046C	YMR046C	NONE
YMR050C	YMR050C	NONE
YMR051C	YMR051C	NONE
YMR075C-A	YMR075C-A	NONE
YMR082C	YMR082C	NONE
YMR084W	YMR084W	NONE
YMR085W	YMR085W	NONE
YMR090W	YMR090W	NONE
YMR099C	YMR099C	NONE
YMR1	YJR110W	NONE
YMR103C	YMR103C	NONE
YMR105W-A	YMR105W-A	NONE
YMR106W-A	YMR106W-A	NONE
YMR114C	YMR114C	NONE
YMR122C	YMR122C	NONE
YMR141C	YMR141C	NONE
YMR155W	YMR155W	INPUT
YMR158C-A	YMR158C-A	NONE
YMR175W-A	YMR175W-A	NONE
YMR181C	YMR181C	NONE
YMR187C	YMR187C	NONE
YMR196W	YMR196W	NONE
YMR206W	YMR206W	NONE
YMR209C	YMR209C	NONE
YMR230W-A	YMR230W-A	NONE
YMR242W-A	YMR242W-A	NONE
YMR244W	YMR244W	NONE
YMR247W-A	YMR247W-A	NONE
YMR253C	YMR253C	NONE
YMR254C	YMR254C	NONE
YMR262W	YMR262W	NONE
YMR265C	YMR265C	NONE
YMR272W-B	YMR272W-B	NONE
YMR315W	YMR315W	NONE
YMR315W-A	YMR315W-A	NONE
YMR316C-A	YMR316C-A	NONE
YMR317W	YMR317W	NONE
YMR320W	YMR320W	NONE
YMR321C	YMR321C	NONE
YNCA0006C	YNCA0006C	NONE
YNCB0001W	YNCB0001W	NONE
YNCB0002W	YNCB0002W	NONE
YNCB0004W	YNCB0004W	NONE
YNCB0005C	YNCB0005C	NONE
YNCB0006W	YNCB0006W	NONE
YNCB0007W	YNCB0007W	NONE
YNCB0011C	YNCB0011C	NONE
YNCB0012W	YNCB0012W	NONE
YNCB0013W	YNCB0013W	NONE
YNCB0015W	YNCB0015W	NONE
YNCB0016W	YNCB0016W	NONE
YNCB0017C	YNCB0017C	NONE
YNCB0018W	YNCB0018W	NONE
YNCC0001C	YNCC0001C	NONE
YNCC0005W	YNCC0005W	NONE
YNCC0008W	YNCC0008W	NONE
YNCC0009C	YNCC0009C	NONE
YNCC0010C	YNCC0010C	NONE
YNCC0014W	YNCC0014W	NONE
YNCD0001W	YNCD0001W	NONE
YNCD0003W	YNCD0003W	NONE
YNCD0004W	YNCD0004W	NONE
YNCD0005C	YNCD0005C	NONE
YNCD0006W	YNCD0006W	NONE
YNCD0007C	YNCD0007C	NONE
YNCD0008W	YNCD0008W	NONE
YNCD0009W	YNCD0009W	NONE
YNCD0011W	YNCD0011W	NONE
YNCD0012W	YNCD0012W	NONE
YNCD0013C	YNCD0013C	NONE
YNCD0014C	YNCD0014C	NONE
YNCD0015C	YNCD0015C	NONE
YNCD0016C	YNCD0016C	NONE
YNCD0017W	YNCD0017W	NONE
YNCD0019C	YNCD0019C	NONE
YNCD0020W	YNCD0020W	NONE
YNCD0021C	YNCD0021C	NONE
YNCD0022C	YNCD0022C	NONE
YNCD0023C	YNCD0023C	NONE
YNCD0024C	YNCD0024C	NONE
YNCD0026W	YNCD0026W	NONE
YNCD0028W	YNCD0028W	NONE
YNCD0029C	YNCD0029C	NONE
YNCD0031C	YNCD0031C	NONE
YNCE0004C	YNCE0004C	NONE
YNCE0005W	YNCE0005W	NONE
YNCE0008C	YNCE0008C	NONE
YNCE0009C	YNCE0009C	NONE
YNCE0010W	YNCE0010W	NONE
YNCE0012W	YNCE0012W	NONE
YNCE0013W	YNCE0013W	NONE
YNCE0014W	YNCE0014W	NONE
YNCE0016C	YNCE0016C	NONE
YNCE0018W	YNCE0018W	NONE
YNCE0021C	YNCE0021C	NONE
YNCE0022C	YNCE0022C	NONE
YNCE0023W	YNCE0023W	NONE
YNCE0025C	YNCE0025C	NONE
YNCE0026W	YNCE0026W	NONE
YNCE0027C	YNCE0027C	NONE
YNCE0028C	YNCE0028C	NONE
YNCE0029C	YNCE0029C	NONE
YNCF0004C	YNCF0004C	NONE
YNCF0005C	YNCF0005C	NONE
YNCF0008C	YNCF0008C	NONE
YNCF0009C	YNCF0009C	NONE
YNCF0011C	YNCF0011C	NONE
YNCF0014C	YNCF0014C	NONE
YNCG0002C	YNCG0002C	NONE
YNCG0003C	YNCG0003C	NONE
YNCG0004W	YNCG0004W	NONE
YNCG0005W	YNCG0005W	NONE
YNCG0007C	YNCG0007C	NONE
YNCG0008W	YNCG0008W	NONE
YNCG0009C	YNCG0009C	NONE
YNCG0011W	YNCG0011W	NONE
YNCG0016C	YNCG0016C	NONE
YNCG0017W	YNCG0017W	NONE
YNCG0018C	YNCG0018C	NONE
YNCG0020C	YNCG0020C	NONE
YNCG0021W	YNCG0021W	NONE
YNCG0022W	YNCG0022W	NONE
YNCG0023C	YNCG0023C	NONE
YNCG0025C	YNCG0025C	NONE
YNCG0027W	YNCG0027W	NONE
YNCG0028W	YNCG0028W	NONE
YNCG0029C	YNCG0029C	NONE
YNCG0030C	YNCG0030C	NONE
YNCG0031W	YNCG0031W	NONE
YNCG0032W	YNCG0032W	NONE
YNCG0033W	YNCG0033W	NONE
YNCG0034W	YNCG0034W	NONE
YNCG0036W	YNCG0036W	NONE
YNCG0037W	YNCG0037W	NONE
YNCG0038C	YNCG0038C	NONE
YNCG0039W	YNCG0039W	NONE
YNCG0040C	YNCG0040C	NONE
YNCG0041W	YNCG0041W	NONE
YNCG0042C	YNCG0042C	NONE
YNCG0043C	YNCG0043C	NONE
YNCG0046W	YNCG0046W	NONE
YNCH0001W	YNCH0001W	NONE
YNCH0002C	YNCH0002C	NONE
YNCH0003C	YNCH0003C	NONE
YNCH0004C	YNCH0004C	NONE
YNCH0005W	YNCH0005W	NONE
YNCH0006C	YNCH0006C	NONE
YNCH0009C	YNCH0009C	NONE
YNCH0010C	YNCH0010C	NONE
YNCH0015W	YNCH0015W	NONE
YNCH0016C	YNCH0016C	NONE
YNCI0002W	YNCI0002W	NONE
YNCI0003C	YNCI0003C	NONE
YNCI0004W	YNCI0004W	NONE
YNCI0005W	YNCI0005W	NONE
YNCI0007C	YNCI0007C	NONE
YNCI0008C	YNCI0008C	NONE
YNCI0009W	YNCI0009W	NONE
YNCI0010C	YNCI0010C	NONE
YNCI0011W	YNCI0011W	NONE
YNCJ0001C	YNCJ0001C	NONE
YNCJ0002C	YNCJ0002C	NONE
YNCJ0005C	YNCJ0005C	NONE
YNCJ0006W	YNCJ0006W	NONE
YNCJ0008W	YNCJ0008W	NONE
YNCJ0011W	YNCJ0011W	NONE
YNCJ0012W	YNCJ0012W	NONE
YNCJ0013C	YNCJ0013C	NONE
YNCJ0014C	YNCJ0014C	NONE
YNCJ0015W	YNCJ0015W	NONE
YNCJ0017C	YNCJ0017C	NONE
YNCJ0018W	YNCJ0018W	NONE
YNCJ0019C	YNCJ0019C	NONE
YNCJ0023C	YNCJ0023C	NONE
YNCJ0026W	YNCJ0026W	NONE
YNCJ0029W	YNCJ0029W	NONE
YNCK0003W	YNCK0003W	NONE
YNCK0004W	YNCK0004W	NONE
YNCK0005C	YNCK0005C	NONE
YNCK0006C	YNCK0006C	NONE
YNCK0007W	YNCK0007W	NONE
YNCK0008W	YNCK0008W	NONE
YNCK0010W	YNCK0010W	NONE
YNCK0011C	YNCK0011C	NONE
YNCK0012C	YNCK0012C	NONE
YNCK0014W	YNCK0014W	NONE
YNCK0016W	YNCK0016W	NONE
YNCK0017W	YNCK0017W	NONE
YNCK0018C	YNCK0018C	NONE
YNCK0019W	YNCK0019W	NONE
YNCK0021W	YNCK0021W	NONE
YNCL0001W	YNCL0001W	NONE
YNCL0002C	YNCL0002C	NONE
YNCL0004C	YNCL0004C	NONE
YNCL0007W	YNCL0007W	NONE
YNCL0008W	YNCL0008W	NONE
YNCL0009C	YNCL0009C	NONE
YNCL0032C	YNCL0032C	NONE
YNCL0033C	YNCL0033C	NONE
YNCL0034W	YNCL0034W	NONE
YNCL0035C	YNCL0035C	NONE
YNCL0036C	YNCL0036C	NONE
YNCL0037W	YNCL0037W	NONE
YNCL0038W	YNCL0038W	NONE
YNCL0039W	YNCL0039W	NONE
YNCL0040W	YNCL0040W	NONE
YNCL0044W	YNCL0044W	NONE
YNCL0047W	YNCL0047W	NONE
YNCL0049C	YNCL0049C	NONE
YNCL0050C	YNCL0050C	NONE
YNCL0051C	YNCL0051C	NONE
YNCM0004C	YNCM0004C	NONE
YNCM0007C	YNCM0007C	NONE
YNCM0009C	YNCM0009C	NONE
YNCM0010W	YNCM0010W	NONE
YNCM0018C	YNCM0018C	NONE
YNCM0019W	YNCM0019W	NONE
YNCM0020W	YNCM0020W	NONE
YNCM0021C	YNCM0021C	NONE
YNCM0022C	YNCM0022C	NONE
YNCM0023C	YNCM0023C	NONE
YNCM0024W	YNCM0024W	NONE
YNCM0025C	YNCM0025C	NONE
YNCM0027W	YNCM0027W	NONE
YNCM0029C	YNCM0029C	NONE
YNCM0033C	YNCM0033C	NONE
YNCM0035C	YNCM0035C	NONE
YNCN0003W	YNCN0003W	NONE
YNCN0004W	YNCN0004W	NONE
YNCN0006W	YNCN0006W	NONE
YNCN0007W	YNCN0007W	NONE
YNCN0008C	YNCN0008C	NONE
YNCN0009W	YNCN0009W	NONE
YNCN0010C	YNCN0010C	NONE
YNCN0011W	YNCN0011W	NONE
YNCN0012C	YNCN0012C	NONE
YNCN0015W	YNCN0015W	NONE
YNCN0017W	YNCN0017W	NONE
YNCN0020C	YNCN0020C	NONE
YNCO0002W	YNCO0002W	NONE
YNCO0004C	YNCO0004C	NONE
YNCO0005W	YNCO0005W	NONE
YNCO0008W	YNCO0008W	NONE
YNCO0011W	YNCO0011W	NONE
YNCO0012C	YNCO0012C	NONE
YNCO0013C	YNCO0013C	NONE
YNCO0016W	YNCO0016W	NONE
YNCO0018W	YNCO0018W	NONE
YNCO0019W	YNCO0019W	NONE
YNCO0021C	YNCO0021C	NONE
YNCO0029C	YNCO0029C	NONE
YNCO0031W	YNCO0031W	NONE
YNCP0001C	YNCP0001C	NONE
YNCP0004C	YNCP0004C	NONE
YNCP0007C	YNCP0007C	NONE
YNCP0008C	YNCP0008C	NONE
YNCP0009W	YNCP0009W	NONE
YNCP0010W	YNCP0010W	NONE
YNCP0011C	YNCP0011C	NONE
YNCP0016W	YNCP0016W	NONE
YNCP0017C	YNCP0017C	NONE
YNCP0018C	YNCP0018C	NONE
YNCP0019W	YNCP0019W	NONE
YNCP0020W	YNCP0020W	NONE
YNCP0022W	YNCP0022W	NONE
YNCP0023W	YNCP0023W	NONE
YNCP0024C	YNCP0024C	NONE
YNCQ0001W	YNCQ0001W	NONE
YNCQ0003W	YNCQ0003W	NONE
YNCQ0004W	YNCQ0004W	NONE
YNCQ0005W	YNCQ0005W	NONE
YNCQ0007W	YNCQ0007W	NONE
YNCQ0008W	YNCQ0008W	NONE
YNCQ0009W	YNCQ0009W	NONE
YNCQ0010W	YNCQ0010W	NONE
YNCQ0011W	YNCQ0011W	NONE
YNCQ0012W	YNCQ0012W	NONE
YNCQ0013W	YNCQ0013W	NONE
YNCQ0014W	YNCQ0014W	NONE
YNCQ0015W	YNCQ0015W	NONE
YNCQ0016W	YNCQ0016W	NONE
YNCQ0017W	YNCQ0017W	NONE
YNCQ0018W	YNCQ0018W	NONE
YNCQ0019W	YNCQ0019W	NONE
YNCQ0020W	YNCQ0020W	NONE
YNCQ0021W	YNCQ0021W	NONE
YNCQ0022W	YNCQ0022W	NONE
YNCQ0023W	YNCQ0023W	NONE
YNCQ0024C	YNCQ0024C	NONE
YNCQ0025W	YNCQ0025W	NONE
YNCQ0026W	YNCQ0026W	NONE
YND1	YER005W	NONE
YNG1	YOR064C	STRUCTURE
YNG2	YHR090C	STRUCTURE
YNK1	YKL067W	STRUCTURE
YNL011C	YNL011C	NONE
YNL018C	YNL018C	NONE
YNL019C	YNL019C	NONE
YNL033W	YNL033W	NONE
YNL034W	YNL034W	NONE
YNL035C	YNL035C	NONE
YNL040C-A	YNL040C-A	NONE
YNL040W	YNL040W	NONE
YNL042W-B	YNL042W-B	NONE
YNL046W	YNL046W	NONE
YNL050C	YNL050C	NONE
YNL054W-A	YNL054W-A	NONE
YNL054W-B	YNL054W-B	NONE
YNL058C	YNL058C	NONE
YNL067W-B	YNL067W-B	NONE
YNL092W	YNL092W	NONE
YNL095C	YNL095C	INPUT
YNL108C	YNL108C	NONE
YNL115C	YNL115C	NONE
YNL134C	YNL134C	NONE
YNL140C	YNL140C	NONE
YNL143C	YNL143C	NONE
YNL146C-A	YNL146C-A	NONE
YNL146W	YNL146W	NONE
YNL155C-A	YNL155C-A	NONE
YNL162W-A	YNL162W-A	NONE
YNL165W	YNL165W	NONE
YNL184C	YNL184C	NONE
YNL190W	YNL190W	NONE
YNL193W	YNL193W	NONE
YNL194C	YNL194C	NONE
YNL195C	YNL195C	NONE
YNL208W	YNL208W	NONE
YNL234W	YNL234W	NONE
YNL277W-A	YNL277W-A	NONE
YNL284C-A	YNL284C-A	NONE
YNL284C-B	YNL284C-B	NONE
YNL320W	YNL320W	NONE
YNR014W	YNR014W	NONE
YNR021W	YNR021W	NONE
YNR048W	YNR048W	NONE
YNR061C	YNR061C	NONE
YNR064C	YNR064C	NONE
YNR065C	YNR065C	NONE
YNR066C	YNR066C	NONE
YNR068C	YNR068C	NONE
YNR071C	YNR071C	NONE
YNR075C-A	YNR075C-A	NONE
YNR077C	YNR077C	NONE
YOL014W	YOL014W	NONE
YOL019W-A	YOL019W-A	NONE
YOL024W	YOL024W	NONE
YOL029C	YOL029C	NONE
YOL036W	YOL036W	NONE
YOL038C-A	YOL038C-A	NONE
YOL057W	YOL057W	NONE
YOL075C	YOL075C	INPUT
YOL085C	YOL085C	NONE
YOL097W-A	YOL097W-A	NONE
YOL103W-A	YOL103W-A	NONE
YOL103W-B	YOL103W-B	NONE
YOL107W	YOL107W	NONE
YOL118C	YOL118C	NONE
YOL131W	YOL131W	NONE
YOL153C	YOL153C	NONE
YOL155W-A	YOL155W-A	NONE
YOL159C-A	YOL159C-A	NONE
YOL160W	YOL160W	NONE
YOL162W	YOL162W	INPUT
YOL163W	YOL163W	INPUT
YOL164W-A	YOL164W-A	NONE
YOL166W-A	YOL166W-A	NONE
YOP1	YPR028W	NONE
YOR008C-A	YOR008C-A	NONE
YOR011W-A	YOR011W-A	NONE
YOR012W	YOR012W	NONE
YOR015W	YOR015W	NONE
YOR019W	YOR019W	NONE
YOR029W	YOR029W	NONE
YOR032W-A	YOR032W-A	NONE
YOR034C-A	YOR034C-A	NONE
YOR062C	YOR062C	NONE
YOR072W	YOR072W	NONE
YOR072W-B	YOR072W-B	NONE
YOR097C	YOR097C	NONE
YOR1	YGR281W	INPUT
YOR105W	YOR105W	NONE
YOR111W	YOR111W	NONE
YOR131C	YOR131C	NONE
YOR142W-A	YOR142W-A	NONE
YOR142W-B	YOR142W-B	NONE
YOR161C-C	YOR161C-C	NONE
YOR186W	YOR186W	NONE
YOR192C-A	YOR192C-A	NONE
YOR192C-B	YOR192C-B	NONE
YOR192C-C	YOR192C-C	NONE
YOR238W	YOR238W	NONE
YOR268C	YOR268C	NONE
YOR283W	YOR283W	NONE
YOR289W	YOR289W	NONE
YOR292C	YOR292C	NONE
YOR293C-A	YOR293C-A	NONE
YOR296W	YOR296W	NONE
YOR302W	YOR302W	NONE
YOR314W	YOR314W	NONE
YOR316C-A	YOR316C-A	NONE
YOR338W	YOR338W	NONE
YOR342C	YOR342C	NONE
YOR343C	YOR343C	NONE
YOR343W-A	YOR343W-A	NONE
YOR343W-B	YOR343W-B	NONE
YOR365C	YOR365C	BOTH
YOR376W	YOR376W	NONE
YOR376W-A	YOR376W-A	NONE
YOR381W-A	YOR381W-A	NONE
YOR385W	YOR385W	NONE
YOR387C	YOR387C	NONE
YOR389W	YOR389W	NONE
YOR394C-A	YOR394C-A	NONE
YOS1	YER074W-A	NONE
YOS9	YDR057W	NONE
YOX1	YML027W	STRUCTURE
YPC1	YBR183W	NONE
YPD1	YDL235C	NONE
YPF1	YKL100C	NONE
YPI1	YFR003C	NONE
YPK1	YKL126W	STRUCTURE
YPK2	YMR104C	STRUCTURE
YPK3	YBR028C	INPUT
YPK9	YOR291W	INPUT
YPL038W-A	YPL038W-A	NONE
YPL039W	YPL039W	NONE
YPL060C-A	YPL060C-A	NONE
YPL062W	YPL062W	NONE
YPL068C	YPL068C	NONE
YPL071C	YPL071C	NONE
YPL077C	YPL077C	NONE
YPL080C	YPL080C	NONE
YPL088W	YPL088W	NONE
YPL108W	YPL108W	NONE
YPL113C	YPL113C	NONE
YPL119C-A	YPL119C-A	NONE
YPL150W	YPL150W	INPUT
YPL152W-A	YPL152W-A	NONE
YPL162C	YPL162C	NONE
YPL199C	YPL199C	NONE
YPL216W	YPL216W	STRUCTURE
YPL229W	YPL229W	NONE
YPL245W	YPL245W	NONE
YPL247C	YPL247C	NONE
YPL257W	YPL257W	NONE
YPL257W-A	YPL257W-A	NONE
YPL257W-B	YPL257W-B	NONE
YPL261C	YPL261C	NONE
YPL264C	YPL264C	NONE
YPL276W	YPL276W	NONE
YPL277C	YPL277C	NONE
YPL278C	YPL278C	NONE
YPP1	YGR198W	NONE
YPQ1	YOL092W	INPUT
YPQ2	YDR352W	INPUT
YPR003C	YPR003C	INPUT
YPR014C	YPR014C	NONE
YPR015C	YPR015C	NONE
YPR027C	YPR027C	NONE
YPR053C	YPR053C	NONE
YPR063C	YPR063C	NONE
YPR064W	YPR064W	NONE
YPR071W	YPR071W	NONE
YPR078C	YPR078C	NONE
YPR084W	YPR084W	NONE
YPR089W	YPR089W	NONE
YPR096C	YPR096C	NONE
YPR099C	YPR099C	NONE
YPR1	YDR368W	INPUT
YPR127W	YPR127W	NONE
YPR137C-A	YPR137C-A	NONE
YPR137C-B	YPR137C-B	NONE
YPR145C-A	YPR145C-A	NONE
YPR147C	YPR147C	NONE
YPR148C	YPR148C	NONE
YPR158C-C	YPR158C-C	NONE
YPR158C-D	YPR158C-D	NONE
YPR158W-A	YPR158W-A	NONE
YPR158W-B	YPR158W-B	NONE
YPR159C-A	YPR159C-A	NONE
YPR170W-B	YPR170W-B	NONE
YPR172W	YPR172W	NONE
YPR195C	YPR195C	NONE
YPR196W	YPR196W	NONE
YPR202W	YPR202W	NONE
YPR203W	YPR203W	NONE
YPR204W	YPR204W	NONE
YPS1	YLR120C	NONE
YPS3	YLR121C	NONE
YPS5	YGL259W	NONE
YPS6	YIR039C	NONE
YPS7	YDR349C	NONE
YPT1	YFL038C	NONE
YPT10	YBR264C	NONE
YPT11	YNL304W	NONE
YPT31	YER031C	NONE
YPT32	YGL210W	NONE
YPT35	YHR105W	NONE
YPT52	YKR014C	NONE
YPT53	YNL093W	NONE
YPT6	YLR262C	NONE
YPT7	YML001W	NONE
YRA1	YDR381W	NONE
YRA2	YKL214C	NONE
YRB1	YDR002W	STRUCTURE
YRB2	YIL063C	NONE
YRB30	YGL164C	NONE
YRF1-1	YDR545W	NONE
YRF1-2	YER190W	NONE
YRF1-3	YGR296W	NONE
YRF1-4	YLR466W	NONE
YRF1-5	YLR467W	NONE
YRF1-6	YNL339C	NONE
YRF1-7	YPL283C	NONE
YRF1-8	YOR396W	NONE
YRM1	YOR172W	NONE
YRO2	YBR054W	NONE
YRR1	YOR162C	INPUT
YSA1	YBR111C	NONE
YSC83	YHR017W	NONE
YSC84	YHR016C	NONE
YSF3	YNL138W-A	NONE
YSH1	YLR277C	NONE
YSP2	YDR326C	NONE
YSP3	YOR003W	NONE
YSR3	YKR053C	NONE
YSW1	YBR148W	NONE
YSY6	YBR162W-A	NONE
YTA12	YMR089C	NONE
YTA6	YPL074W	NONE
YTA7	YGR270W	STRUCTURE
YTH1	YPR107C	NONE
YTM1	YOR272W	STRUCTURE
YTP1	YNL237W	NONE
YUH1	YJR099W	NONE
YUR1	YJL139C	NONE
YVC1	YOR087W	INPUT
YVH1	YIR026C	NONE
ZAP1	YJL056C	NONE
ZDS1	YMR273C	STRUCTURE
ZDS2	YML109W	NONE
ZEO1	YOL109W	NONE
ZIM17	YNL310C	STRUCTURE
ZIP1	YDR285W	NONE
ZIP2	YGL249W	STRUCTURE
ZNF1	YFL052W	NONE
ZNG1	YNR029C	NONE
ZPR1	YGR211W	STRUCTURE
ZPS1	YOL154W	NONE
ZRC1	YMR243C	INPUT
ZRG17	YNR039C	NONE
ZRG8	YER033C	NONE
ZRT1	YGL255W	INPUT
ZRT2	YLR130C	INPUT
ZRT3	YKL175W	INPUT
ZTA1	YBR046C	INPUT
ZUO1	YGR285C	NONE
ZWF1	YNL241C	NONE